Seq,DateListed,年度,類別,項目別,總計,民意代表_主管及經理人員,專業人員,技術員及助理專業人員,事務支援人員,服務及銷售工作人員,農_林_漁_牧業生產人員,技藝有關工作人員,機械設備操作及組裝人員,基層技術工及勞力工,樣本數_人,母體數_人
1,20230401,103,總計,-,100.000000000001,0.920848951583197,6.09126057324748,5.36750503485823,6.15427432902734,21.731274385821,6.46278449401531,20.3595158413207,16.0338332305189,16.878703159609,30225.5864565936,235643.104494163
2,20230401,103,行政區域,山地鄉,100,1.11283252525133,6.62034899172497,5.00412342966907,5.06338207254459,17.7972061042723,12.9910743281067,16.9891942288508,13.3995105292197,21.0223277903606,9266.37880785488,72242.8492033505
3,20230401,103,行政區域,平地原住民鄉鎮市,100,0.812159168870823,5.70606463084434,4.82790295540203,5.53832471192547,22.772881460586,8.53586697596145,23.3446599242155,10.8188404188525,17.643299753342,7541.83246706818,58796.5234332224
4,20230401,103,行政區域,非原住民鄉鎮市,100.000000000001,0.849351894327049,5.94236844195493,5.92177253360516,7.25389915918525,23.8627989775391,0.788873150423862,21.0092588360303,20.7844708597255,13.5872061472095,13417.3751816708,104603.731857593
5,20230401,103,統計區域,北部地區,100.000000000001,0.793626274153121,5.05699784032552,5.65194057267929,7.2470290360593,23.1341006323686,2.06207785704281,21.1314631585809,19.9958263269703,14.9269383018209,10340.2659074889,80614.3877711561
6,20230401,103,統計區域,北部地區_山地鄉,100,0.975683807294631,4.86911894639132,3.66685895403918,6.57306192038655,20.1016010078067,9.45604185888645,17.0829249590656,17.3050930833363,19.9696154627934,1739.99275693418,13565.0308853391
7,20230401,103,統計區域,北部地區_平地原住民鄉鎮市,100,0,7.24343836210301,4.3576604800919,0,9.62409045018139,4.79056413523994,20.0032040311133,15.0712087667917,38.9098337744788,41.4644283298387,323.188121040803
8,20230401,103,統計區域,北部地區_非原住民鄉鎮市,99.9999999999991,0.76045899485939,5.08460247324559,6.06176463307739,7.41914349504424,23.8160253811633,0.545713793637393,21.9599714737999,20.5666886761108,13.7856310790611,8558.80872222491,66726.1687647772
9,20230401,103,統計區域,中部地區,99.9999999999993,1.25522989062381,5.95498850799527,4.42764106200775,5.23829173833996,18.3107143995424,9.69347233317536,16.4358586468057,17.7735621843541,20.9102412371549,4499.23769759456,35077.4079034858
10,20230401,103,統計區域,中部地區_山地鄉,99.9999999999998,0.722302353455492,4.21809905106671,4.60336398428153,3.51021770992037,12.0524592235534,21.9484857147633,9.49043662641469,9.94522806143101,33.5094072751134,1862.30708545245,14519.310485873
11,20230401,103,統計區域,中部地區_平地原住民鄉鎮市,100,4.87834025788259,5.60904415292817,3.60498116330396,10.8586504786643,22.4091946824555,6.9751836419147,7.03502857537882,11.0417670684548,27.5878099790173,166.678523931027,1299.65724629041
12,20230401,103,統計區域,中部地區_非原住民鄉鎮市,100,1.41250839857958,7.28780913958955,4.35067741613568,6.16182984627403,22.7523477634387,0.637624655521975,22.3065623324194,24.1297903592134,10.9608500888277,2470.25208821108,19258.4401713222
13,20230401,103,統計區域,南部地區,100,0.671477841372466,7.40081265425086,5.65457267834138,6.22753905668148,20.722280309987,9.25554975267858,18.8617234045554,15.3483983552983,15.8576459468345,5858.28927827425,45671.0965057784
14,20230401,103,統計區域,南部地區_山地鄉,100,0.834257168122407,7.24346970150572,4.76404120122004,4.94738879692134,17.4535970280703,14.6637179948184,20.7594360208213,13.5359872748958,15.7981048136249,3361.26666661059,26204.8884287991
15,20230401,103,統計區域,南部地區_平地原住民鄉鎮市,100,0,6.67243377673334,2.39694532277819,13.1615670020955,24.8298519539394,4.95803158741529,16.2924821494708,9.83717422678006,21.8515139807875,119.67697237804,932.624844467869
16,20230401,103,統計區域,南部地區_非原住民鄉鎮市,100,0.475111216906699,7.65993463292353,7.07763382497652,7.68863525460849,25.1372202770514,1.82512081450119,16.3078077067956,18.188320567557,15.6402157046796,2377.34563928565,18533.5832325113
17,20230401,103,統計區域,東部地區,100,1.05434094614102,6.47289448992415,5.32614410243955,5.35584450060857,22.4444961583929,7.99599853532025,22.2955292419099,11.3338699863378,17.7208820389262,9527.79357323584,74280.2123137454
18,20230401,103,統計區域,東部地區_山地鄉,100,1.93888833231553,8.97673701452248,6.68902673869948,5.3480941734835,21.2034726467761,5.97666401422853,17.4797117079045,13.0429302728464,19.3444750992236,2302.81229885758,17953.6194033392
19,20230401,103,統計區域,東部地區_平地原住民鄉鎮市,99.9999999999999,0.736329833208345,5.68344721239457,4.89917700176505,5.32079136870995,22.8227350687627,8.65278457597447,23.8576994916859,10.8055313350193,17.2215041124795,7214.0125424293,56241.0532214234
20,20230401,103,統計區域,東部地區_非原住民鄉鎮市,100,24.4873559089905,0,0,30.0294376038403,34.2321133642501,0,5.96690970010193,0,5.28418342281715,10.9687319490853,85.5396889829327
21,20230401,103,縣市,新北市,99.9999999999993,0.63141804032406,4.47386676130541,6.1168912850531,8.3100430216223,25.2486012545672,0.65355973470387,22.972765182716,16.4758232153617,15.1170315043457,3249.64612529616,25335.113139844
22,20230401,103,縣市,臺北市,99.9999999999998,1.76861823009207,9.9225530063943,7.63552402621992,13.6220506935953,30.0574904909232,0,13.6240964237894,10.0619382494277,13.3077288795579,903.590709798563,7044.40529715423
23,20230401,103,縣市,桃園市,100,0.728009647966115,3.74013528491918,5.87913630008544,4.81896191706977,20.9007034836725,2.30047211841309,20.4620395561708,27.1872349271991,13.9833067645042,3403.97152424331,26538.4824000899
24,20230401,103,縣市,臺中市,100,0.965424418221748,6.76012759789508,4.86998033885788,5.66892841189163,20.8381072601807,2.99097232896968,23.2778643834049,21.0929819779119,13.5356132826666,1816.02681941727,14158.3989445248
25,20230401,103,縣市,臺南市,100,0.289501588066464,9.3697067402642,12.2157757162807,8.89487404677135,31.3005853571911,1.16149050036087,12.1849464868236,11.7120038718259,12.8711156924159,392.949225711655,3063.99789285524
26,20230401,103,縣市,高雄市,99.9999999999997,0.45840844155423,6.73163942401376,4.64942850595008,7.64803807328093,18.5765069225703,11.9027939339494,17.8986243973354,19.0064122524884,13.1281480488572,1790.222469199,13956.9406788106
27,20230401,103,縣市,宜蘭縣,99.9999999999999,0.887960286471678,5.35974166717258,4.56909474262191,3.54783635786317,24.1514267118329,6.2071823056396,26.8155238890475,12.5093157442839,15.9519182950668,733.043679288725,5715.25568849393
28,20230401,103,縣市,新竹縣,100,0.446975851177691,6.23045663407703,3.11090891935232,7.29148048584194,18.5431877875847,5.550417221739,12.3479461340806,27.2601224531094,19.2185045130373,1119.71718377868,8728.45472243242
29,20230401,103,縣市,苗栗縣,99.9999999999999,1.04708555158156,5.27404197809746,4.07379731907228,3.42893574646173,15.1992705884438,19.1881008402827,12.6124184548531,12.002822990717,27.1735265304903,543.383873959607,4236.55325618973
30,20230401,103,縣市,彰化縣,99.9999999999999,2.94849556691406,4.68882014806551,2.89986783415047,2.80372057334533,21.0889620600453,0.728555561401377,23.2174421460967,33.4837541350121,8.14038197496906,388.9050443847,3031.77906396515
31,20230401,103,縣市,南投縣,99.9999999999999,1.35695296329066,5.47622830405128,4.40904787179442,5.81145931954777,14.0972954559265,17.1095171764857,8.82687509012221,12.7271477868584,30.185476031923,1605.52443583169,12517.8443531837
32,20230401,103,縣市,雲林縣,100,0,7.11771511384405,4.51669171844112,6.80477826520577,37.4819992524421,0,11.1519080518318,11.5862148193153,21.34069277892,145.397524001291,1132.83228562216
33,20230401,103,縣市,嘉義縣,100,0,5.90561754813999,3.32862052995556,8.2080660544389,18.0436566269441,19.5830874449257,7.46340200881089,5.50308606022314,31.9644637265618,326.33464746542,2544.78472591179
34,20230401,103,縣市,屏東縣,100,0.845981800425795,7.60275258829554,5.49306895239059,4.93506299401096,20.1167551025056,8.25269071736011,22.1410070202032,15.024576597677,15.5881042271314,3145.59605876756,24521.7566528547
35,20230401,103,縣市,臺東縣,100,1.33166660052697,5.46778492042702,5.39145089942349,5.30102239184341,20.2696429464463,10.6669431522901,20.2429240293836,10.4648070011878,20.8637580584713,4057.51094424638,31630.3580339474
36,20230401,103,縣市,花蓮縣,100,0.848668268277228,7.21831264160113,5.27771070435331,5.39650215249742,24.0574298231567,6.01514922293185,23.8178002759121,11.9783920799892,15.3900348312815,5470.28262898957,42649.854279798
37,20230401,103,縣市,澎湖縣,100,2.09417742199669,8.82446837342993,3.80925810080191,7.84949639505754,36.2297636193985,1.29652013364352,9.04783293547834,12.0727419946957,18.7757410254979,81.2213076264654,632.845827064178
38,20230401,103,縣市,基隆市,100,1.05259768187773,5.53490858634651,3.87465111165767,9.61979076911914,14.8647706301657,0.813750316343523,37.192953221669,14.4893254687647,12.5572522140563,616.106848504964,4803.31958281292
39,20230401,103,縣市,新竹市,100,0.885629289107509,5.53793413581942,7.74340189029157,8.04483321740644,35.7521983447057,0.323837288773443,17.4705128111185,9.43781679763743,14.80383622514,314.189836578515,2449.35694032943
40,20230401,103,縣市,嘉義市,100,1.37979250844646,8.72499826084328,10.8844639167758,3.7335523093014,30.5961053489334,0,6.97947404156339,10.2526232773043,27.4489903368319,121.965569504178,950.770728281848
41,20230401,104,總計,-,100,0.709747877928857,6.42396206571883,5.5597465708803,6.99554924433213,22.096467318566,6.03020938732365,20.6457604933532,17.0321323471886,14.5064246947089,30945.3724111569,237395.248278043
42,20230401,104,行政區域,山地鄉,100,0.972159006271114,7.62453666777763,4.39591174251675,6.1207101964622,18.4648229265421,12.0061418599354,17.2340436760548,14.2197313856823,18.961942538758,9178.91296576745,70413.5396019066
43,20230401,104,行政區域,平地原住名民鄉鎮市,100,0.691311345239295,5.41620030647946,5.13801999913273,6.0656906239507,23.2676442410565,8.74191139265127,23.0536137336932,11.7533629045708,15.8722454532262,7690.40357751034,58995.0345880954
44,20230401,104,行政區域,非原住民鄉鎮市,100,0.548712892448838,6.19167629846045,6.54903070585536,8.073993009708,23.8246741991164,0.652105872977203,21.5549437130191,21.7498653140724,10.8549979943427,14076.0558678789,107986.674088041
45,20230401,104,統計區域,北部地區,100,0.559287369976164,5.55642155142545,6.11991135673471,8.00231546413436,23.616467798054,1.93087231157038,20.5591954886952,21.3612677355346,12.2942609238754,10833.1123708574,83109.9623402092
46,20230401,104,統計區域,北部地區_山地鄉,99.9999999999998,0.789405036724261,8.66354657996814,2.7609056499919,6.38415769742606,19.9447936839666,10.2250456814823,11.8901614493938,19.1637391325333,20.1782450885135,1722.97744155655,13218.2867219717
47,20230401,104,統計區域,北部地區_平地原住民鄉鎮市,100,1.55350850516561,3.0569649669481,0,0.838771522671312,16.3627039483572,0.838771522671312,10.8774616694362,22.7151511750983,43.756666689652,29.8751651375126,229.166547894859
48,20230401,104,統計區域,北部地區_非原住民鄉鎮市,99.9999999999995,0.512352460971353,4.97507473788583,6.77740675996884,8.3329225333433,24.3370212475376,0.360666325348434,22.2359726908062,21.773789459825,10.6947937843129,9080.25976416336,69662.5090703434
49,20230401,104,統計區域,中部地區,99.9999999999998,1.08149621551016,7.24187777651509,4.44262617078964,5.64383532318323,18.3466949576274,9.51430016183969,18.3363944137495,17.3218974673213,18.0708775134639,4621.44800802656,35453.7158334644
50,20230401,104,統計區域,中部地區_山地鄉,100,1.55055100227204,6.17938260794795,4.07317442927586,3.53689837091482,15.6368799528787,21.6275513981863,8.92682716946436,11.6697167595441,26.799018309516,1837.4143865676,14095.2042346889
51,20230401,104,統計區域,中部地區_平地原住民鄉鎮市,100,0.94089156686882,5.50902051213088,2.37002749690064,4.61525103951281,20.3364075835438,7.73132271326026,19.1420928917192,12.6743186416829,26.6806675543807,182.270920462358,1398.71588179861
52,20230401,104,統計區域,中部地區_非原住民鄉鎮市,100,0.760112311961413,8.11362324037821,4.8487663211303,7.20379136014266,20.1208791117245,1.08511212635875,24.9247799200858,21.6390400365476,11.3038955716712,2601.76270099663,19959.7957169768
53,20230401,104,統計區域,南部地區,99.9999999999999,0.670394381248267,8.10780697721133,5.36482991173319,6.96994363688267,20.9787175833632,7.04627038221499,20.9429696296409,17.192478404605,12.7265890931005,5738.49074776875,44017.4371424012
54,20230401,104,統計區域,南部地區_山地鄉,100,0.873176471602996,7.69293696986501,3.89893084809307,6.22987026135412,16.8801122172823,11.5133973695405,25.1992630052254,13.933702106657,13.7786107503796,3213.3945129895,24647.5689184846
55,20230401,104,統計區域,南部地區_平地原住民鄉鎮市,100,0,6.88359663851594,1.92257494626581,6.51090017002662,31.559149444657,2.49513663411555,18.2254245583813,12.6667867723899,19.7364308356479,143.465496067323,1100.66182561453
56,20230401,104,統計區域,南部地區_非原住民鄉鎮市,100,0.437203735139959,8.7412761291982,7.54990604272725,7.99605614224488,25.8708392679818,1.29371831089477,15.3643919962877,21.8616560113348,10.8849523641907,2381.63073871191,18269.2063983021
57,20230401,104,統計區域,東部地區,100,0.723878193312922,6.00939561903278,5.58154093896782,6.5327766801455,22.8425383831887,8.33522019110017,21.661446106962,11.9912993268581,16.3219045604324,9752.32128450394,74814.1329619689
58,20230401,104,統計區域,東部地區_山地鄉,100,0.793474073613892,7.89278839389441,6.4774963903632,7.75986661372836,21.6815733724086,6.59073210501257,16.7682845081156,13.0080563717947,19.0277281710688,2405.12662465381,18452.4797267618
59,20230401,104,統計區域,東部地區_平地原住民鄉鎮市,100,0.695118610265619,5.3947971872168,5.29065463035007,6.11432637003968,23.2064391678833,8.92141873649942,23.2948883625297,11.6679550295436,15.4144019056719,7334.79199584315,56266.4903327874
60,20230401,104,統計區域,東部地區_非原住民鄉鎮市,100,4.23348354049394,4.20228098747278,3.84296291151678,16.009980328146,32.7966624871219,0,4.66850412572009,6.02006510348288,28.2260605160456,12.4026640069818,95.1629024199075
61,20230401,104,縣市,新北市,100,0.643482440426339,3.60061812655785,7.36645869794134,9.19190602762069,26.5908818647923,0.309209133661434,23.1677481756579,18.8976902580405,10.2320052753018,3336.22831676701,25598.3261736263
62,20230401,104,縣市,臺北市,100,0.688826292759187,10.6585502937641,6.27010108517182,14.8438275727311,28.3822491175923,0.315618647208429,15.5893781325022,11.6438227968561,11.6076260614149,932.633568472145,7154.66856392641
63,20230401,104,縣市,桃園市,100,0.350631572528907,4.39354438050256,6.55084450249718,6.03951530522851,21.5500953257844,1.81284822647539,21.0456774774601,26.5255995071088,11.7312437024142,3867.36003846658,29669.1451195913
64,20230401,104,縣市,臺中市,99.9999999999999,0.534523030390172,7.16260839431843,4.78380180707152,6.04716579930574,18.8102335915076,3.91886769689376,25.7327496992242,19.7370086217628,13.2730413595257,1910.43252720982,14654.3888958928
65,20230401,104,縣市,臺南市,100,0.870165195677421,8.10955271208958,6.55946261439997,8.14481456886114,27.0407530954855,1.13421694959317,14.1726874325616,23.4214145528486,10.546932878483,408.21357174889,3131.85320046842
66,20230401,104,縣市,高雄市,100,0.450230538785771,6.98100041672036,5.97150648631114,8.12334666058777,20.4320301366998,7.59487200922736,17.9434890049964,21.8661503734707,10.637374373201,1678.7807117551,12875.3923221948
67,20230401,104,縣市,宜蘭縣,100,1.08559668874751,12.1443906372906,5.55307166002929,5.7410616562225,20.9126978964691,9.97862855096556,12.5475944153623,16.436730347755,15.6002281471581,704.182549338592,5402.05096903063
68,20230401,104,縣市,新竹縣,99.9999999999999,0.372753823805121,7.74742097224782,3.25626907001721,7.78195975456509,19.9909638519915,4.43381712404073,10.5589499366505,25.4913097670515,20.3665556996304,1068.64699441528,8196.00607011241
69,20230401,104,縣市,苗栗縣,100,0.901770669250391,5.79368586521683,4.3280882778515,5.06537074211669,15.6452236681728,17.6564118033063,14.3244983223197,10.4626873600679,25.822263291698,549.671050060598,4218.25554866265
70,20230401,104,縣市,彰化縣,100,0.743272556246758,5.01668069537321,5.32483242882092,6.14481651138719,18.1797231455578,0.820393082852347,24.3476178878343,28.8316881635999,10.5909755283278,439.643407539253,3373.28433237795
71,20230401,104,縣市,南投縣,100,1.9706112610417,8.46703316450664,3.61114122057462,4.62364819824784,18.2859617891073,16.5020129944998,9.67836375189791,13.4109996049081,23.4502280152161,1600.67676084203,12279.835611953
72,20230401,104,縣市,雲林縣,100,0,6.95307344809683,7.37165399517843,13.5831817359983,24.7173489448695,0,12.4910060998826,20.2760490527879,14.6076867231864,121.024262374871,927.951444578004
73,20230401,104,縣市,嘉義縣,100,0.344303655955306,4.34475366437413,2.00578968959505,7.83847625593454,21.9520591891144,20.8517547795367,6.25006947570536,8.62437500297868,27.7884182868059,298.1023136045,2287.61330971076
74,20230401,104,縣市,屏東縣,99.9999999999999,0.803292330260686,9.04616501379543,5.0988985665715,6.1459469081182,19.8413232247626,6.53715402833271,25.199573465596,15.0226590394151,12.3049874231477,3213.04800115929,24646.6357432371
75,20230401,104,縣市,臺東縣,99.9999999999999,0.78479351861742,5.33466197689579,5.15870765229788,5.05790548491882,24.5247553441998,11.0351525126065,21.1073840060237,10.0223174095303,16.9743220949097,4039.96146051276,31000.3520373478
76,20230401,104,縣市,花蓮縣,100,0.680777678154049,6.48680204222354,5.88071577536066,7.57631880997058,21.6522891763405,6.42488854025017,22.0534716253528,13.3844484982877,15.8602878540601,5712.35982399115,43813.7809246214
77,20230401,104,縣市,澎湖縣,100,1.48230914906413,14.4673228351798,3.74988411284581,9.36840942839419,33.8445836607276,0,15.8564254445469,12.2489351283359,8.98213024090572,35.2574438353868,270.409837875195
78,20230401,104,縣市,基隆市,100,0.176275231876106,5.06948374559294,1.22799485462726,7.25817919124392,15.9746597423088,1.22470639952118,39.9189450642249,17.854780792038,11.2949749785669,608.842335427955,4671.59019436489
79,20230401,104,縣市,新竹市,100,2.04120405935439,4.22964011207369,7.61527628645995,6.48549763116069,36.4732068858518,0.227322817876332,16.0721935919502,16.6059760328905,10.2496825823825,315.218567969878,2418.1752495576
80,20230401,104,縣市,嘉義市,100,0,5.95268115990602,9.24124867522539,5.90638905849421,33.8654298686909,0,8.40366666338165,10.6534068463142,25.9771777279876,105.088705665562,805.532728914951
81,20230401,106,總計,-,99.9999999999969,0.90855232572569,7.86261782983032,5.94967347779142,7.39036516313099,23.0037837705158,7.10867982522884,18.1819441645587,14.4785919250805,15.1157915181347,28985.9717949819,248676.461122412
82,20230401,106,行政區域,山地原住民地區,100.000000000002,1.26837180312803,8.16506347285979,4.47432755683325,6.46242766726491,19.6414163313071,14.9252480591936,15.0488052070718,12.9796857028721,17.0346541994714,8384.44241169328,71931.9969192597
83,20230401,106,行政區域,平地原住民地區,99.9999999999996,0.76585091662909,6.38571790609822,4.86338825458315,6.40577658915918,24.3184997246594,8.71576449294267,22.9869021135663,11.1955263644922,14.3625736378695,6872.10064952299,58958.9063270555
84,20230401,106,行政區域,非原住民地區,99.9999999999995,0.760240301371235,8.41719248544226,7.39442417583438,8.44990645875189,24.3990956615088,1.53063334520744,17.6901850318795,17.0373544596831,14.320968080321,13729.4287337667,117785.557876088
85,20230401,106,統計區域,北部地區,99.9999999999996,0.839021833401987,7.4575652358049,6.86753693300693,8.46085118024166,23.378623747084,2.67080901086672,18.0333811609266,16.998063393674,15.2941475049929,10248.4971133646,87924.1346753573
86,20230401,106,統計區域,北部地區_山地原住民地區,100,1.09401587701535,7.17849746028025,3.53704583235414,8.15623688531854,20.9522712821762,11.1081767014026,13.7748745993117,16.0725584370372,18.1263229251042,1539.6652013276,13210.544946517
87,20230401,106,統計區域,北部地區_平地原住民地區,100,0,0,0,5.22599662820914,1.21670487747921,7.750135537551,0,38.302759157528,47.5044037992327,22.6057700969859,193.927524074594
88,20230401,106,統計區域,北部地區_非原住民地區,99.9999999999995,0.796000961425365,7.52644456780445,7.47582480592428,8.52327025234733,23.8664311696269,1.16184824807615,18.8352414958847,17.1066905356622,14.7082479632481,8686.22614194012,74519.662204766
89,20230401,106,統計區域,中部地區,100,0.840897985125374,8.17378336462568,5.98602061834386,6.54223511790474,22.0554470478414,14.4225631057721,12.6601683228945,14.1922414895076,15.1266429479851,4459.60704863952,38252.3034095997
90,20230401,106,統計區域,中部地區_山地原住民地區,100,0.963729616930778,6.70956872035184,4.23260631876864,5.2197056566413,16.150512212237,32.7070623185305,6.1309088011174,10.2895973322452,17.5963090231777,1774.02598816313,15216.3416080536
91,20230401,106,統計區域,中部地區_平地原住民地區,100,1.15306918764295,2.99308881963213,1.10062561699535,5.61454027684633,27.0427189186882,10.7324161417372,11.5212500500921,10.0026138950047,29.8396770933612,144.417244097588,1239.2058870917
92,20230401,106,統計區域,中部地區_非原住民地區,100,0.737401278064026,9.49049019507346,7.48782948098814,7.51823654955154,25.894148976576,1.86792720557447,17.283002929798,17.154874007156,12.5660893772185,2541.16381637876,21796.7559144543
93,20230401,106,統計區域,南部地區,99.9999999999994,1.26327939461012,9.59025390540605,5.96560494140294,6.84278170810781,22.1334850398671,8.35490920635375,17.3240186583581,14.1518705716545,14.373796574239,5557.17119749906,47682.9792889858
94,20230401,106,統計區域,南部地區_山地原住民地區,100.000000000001,1.82201280639831,9.04789471072218,5.23826952319421,5.1501126530211,19.9396048470683,13.0494729728414,19.9311596825646,12.0239339282597,13.7975388759308,2947.71012588513,25291.9603307569
95,20230401,106,統計區域,南部地區_平地原住民地區,100,0,4.65650682679289,2.34108064286225,2.95555414322857,25.2874094366466,15.0178753358369,18.221871753703,12.3727895495958,19.1469123113341,119.029135767682,1022.04868631572
96,20230401,106,統計區域,南部地區_非原住民地區,100.000000000001,0.662392684707172,10.4681556816063,6.99982318220342,9.03211763890576,24.5792775069446,2.47982048030369,14.195306507666,16.7555522598492,14.8275540578145,2490.43193584622,21368.970271913
97,20230401,106,統計區域,東部地區,100.000000000001,0.798776526888567,7.07846849846048,4.84227378118777,6.91496254644386,23.6028052978613,7.79033117737376,21.7264755875008,11.872371100597,15.3735354836874,8720.69643547952,74817.043748458
98,20230401,106,統計區域,東部地區_山地原住民地區,100,0.880531703692793,8.87069909020529,4.29525503939183,8.09446600538305,21.1930375053225,5.44272921705643,16.6434091016102,14.3110097878943,20.2688625494441,2123.04109631731,18213.1500339329
99,20230401,106,統計區域,東部地區_平地原住民地區,99.9999999999997,0.773840006559919,6.51331781937667,5.00822655945036,6.48958684920856,24.3205160964416,8.56085702816497,23.4034443838308,11.1073588189931,13.8228524379737,6586.04849956075,56503.7242295735
100,20230401,106,統計區域,東部地區_非原住民地區,0,,,,,,,,,,,
101,20230401,106,縣市,新北市,100,0.821688781301454,6.73250330398457,7.69620108326489,11.1129191007329,24.9136900698164,0.978395893229482,16.6906379150296,13.3203099382902,17.7336539143506,3041.65338641976,26097.6840735452
102,20230401,106,縣市,臺北市,100,1.47502156864877,11.601913593711,10.0588491235317,13.8528078200275,34.7598328759545,0.275332331797159,8.92749192691256,6.23732343123064,12.8114273281864,880.183330286138,7550.54852661548
103,20230401,106,縣市,桃園市,99.9999999999992,0.602543181139007,5.68714692187662,6.29253467350451,6.43662501238917,20.6604163664684,2.18009809838601,21.6555517700177,22.1492412401124,14.3358427361054,3772.48700685451,32360.8771304365
104,20230401,106,縣市,臺中市,100,1.25334975295701,9.28149639351986,7.61987961004987,8.16830401745961,25.5304100766676,2.77389510328604,16.5550039578978,16.3667350311559,12.4509260570068,1721.81865216367,14770.5092168335
105,20230401,106,縣市,臺南市,100,1.06447660347041,8.36057511434797,6.72537517708451,8.37356236508739,22.3945872216895,0.429557594727191,20.3700205575437,17.5975471304973,14.6842982355523,376.044776511173,3224.83950345812
106,20230401,106,縣市,高雄市,99.9999999999998,0.652326044185922,9.3255179317873,5.55566630569109,8.02143520572632,23.6851771923938,9.59322491013375,12.9149632486715,15.7471605467784,14.5045286146317,1741.8601367992,14948.9609842121
107,20230401,106,縣市,宜蘭縣,100,1.30492964192856,12.4305096625041,6.02129525493693,6.15778455342376,22.7263941414696,11.8033252680878,11.2451047818077,15.3252425058577,12.9854141899839,900.673886989394,7721.3800230432
108,20230401,106,縣市,新竹縣,100,1.14822471115356,8.68832825018701,4.66511781527265,7.29682579619801,17.4693237452211,5.31425107594839,14.6285327357859,22.5371413445609,18.2522545256724,890.831987697727,7649.54206019015
109,20230401,106,縣市,苗栗縣,100,0.326379066062754,8.64820979261742,2.9191948111892,5.02189164225809,24.092761900683,18.9507082173745,7.96707701901226,13.241849804275,18.8319277465278,690.288887358343,5925.3171010807
110,20230401,106,縣市,彰化縣,100,0.242307244284698,4.06906800287522,6.11465843949817,7.40001583958476,20.82321409181,3.08411485111475,23.1319348334745,19.4554643520844,15.6792223452735,364.820535505311,3128.43340422097
111,20230401,106,縣市,南投縣,100,0.825797813057264,7.70194440263375,5.34355712098766,4.95429433618683,17.4810016548162,29.2330182424676,7.31148894244665,9.99081301647709,17.158084470927,1548.08789916815,13274.10786704
112,20230401,106,縣市,雲林縣,100,0,8.1148176935754,7.86193171725489,9.4762274834706,23.0762406797072,0.645422243550293,20.0419232295072,25.2999370034338,5.48349994950067,134.59107444402,1153.93582042441
113,20230401,106,縣市,嘉義縣,100,1.92920632113173,9.72489717806513,3.73597567740812,5.94889234650283,21.8443786030719,20.2081130411448,4.75760530536547,9.98771899105386,21.8632125362562,283.3824674001,2430.6873160963
114,20230401,106,縣市,屏東縣,100,1.62841480662397,10.0745909345208,6.10657923242688,5.53837734313765,20.4966355983844,7.87735973052806,21.3727903263594,13.2207526187757,13.6844994092434,2920.58817982487,25061.1953880168
115,20230401,106,縣市,臺東縣,99.9999999999998,0.897037842359899,6.79633764261734,5.33057339570652,6.40748688345825,23.1952720064298,10.6363745444678,20.8142548292235,10.3349316127363,15.5877312430004,4133.60904946637,35461.1945930125
116,20230401,106,縣市,花蓮縣,100.000000000001,0.710239150522181,7.33267968674474,4.40229629317194,7.37221842130167,23.9700090975682,5.22593224236285,22.548422985797,13.257665587286,15.1805365352466,4587.08738601324,39355.849155448
117,20230401,106,縣市,澎湖縣,100,0.996091307477043,4.1615189030905,5.13426801472204,13.6414217979442,32.7550805974419,1.43609103293607,8.28017842425787,20.313346736473,13.2820031856574,109.454889836078,939.517248190132
118,20230401,106,縣市,基隆市,99.9999999999999,0.20515137832569,6.44654205563078,4.39370706633654,4.47695754298592,24.3855988022559,0.68930286273567,33.0945078683616,14.2619549273246,12.0462774960431,519.519852302618,4454.34194901637
119,20230401,106,縣市,新竹市,100,0.917320914022866,8.22956701165247,10.3541272333849,8.46726896545355,27.0736242608305,0.864199198413169,17.0539934796026,13.7758490563622,13.2640498802779,243.147662814632,2089.76091251097
120,20230401,106,縣市,嘉義市,99.9999999999999,0.572843384769119,10.1080726011528,11.8532898858992,12.3347167947653,29.2840806579794,5.29614750102445,11.4440903421149,7.3862755315311,11.7204833007636,125.840747127611,1077.77884901243
121,20230401,108,總計,-,100,1.31704106188243,8.58216183240831,6.45201705041012,7.94484348452096,24.6402134096098,5.41407381636404,16.608730095246,13.1017926445772,15.9391266049812,28236.1881145839,259407.25
122,20230401,108,行政區域,山地原住民族地區,100,1.37951470055642,8.78938530932078,4.57643301616567,6.38297171830244,21.5731076943338,10.1590228163171,14.9978599413953,11.7709808053205,20.370723998288,8266.92163592836,75932.5
123,20230401,108,行政區域,平地原住民族地區,100,1.11336366033755,7.87224749472574,5.91623813291139,7.29825949367089,26.051555907173,8.02923918776371,18.6230880801688,10.1673753955696,14.9286326476793,6605.24439263204,60672
124,20230401,108,行政區域,非原住民族地區,100,1.37904077880992,8.80477025148052,7.87645227814524,9.23004574408961,25.8394050621831,1.18808414306683,16.6095628965964,15.374452119354,13.6981867262745,13364.0220860234,122802.75
125,20230401,108,統計區域,北部地區,100,1.50994939268555,7.85066973992055,7.39795169762596,9.04529047851523,24.82692938719,2.9446680912479,16.2807758898964,16.0449463381059,14.0988189848125,10201.2927134324,93711.75
126,20230401,108,統計區域,北部地區_山地原住民族地區,100,1.12594176508912,7.46228763301649,3.16900820233541,4.94144768714188,23.5846377441072,14.3332052588497,10.5761681228179,15.0431833748183,19.7641202118241,1630.80946826526,14965.25
127,20230401,108,統計區域,北部地區_平地原住民族地區,100,2.71416454622561,7.97285835453774,3.30788804071247,7.29431721798134,17.0483460559796,0,11.1959287531807,22.9007633587786,27.5657336726039,32.0797210863022,294.75
128,20230401,108,統計區域,北部地區_非原住民族地區,100,1.57867733989363,7.92429741847696,8.22002058590153,9.8347073201044,25.0931304910343,0.783283993027562,17.3880761104755,16.2102821160777,12.9675246250084,8538.40352408074,78451.75
129,20230401,108,統計區域,中部地區,100,1.243963407452,9.49626352916541,5.88870421023701,6.94878875525134,21.3351830281773,6.641233362562,14.4119148267874,12.7602769307281,21.2736719496394,4156.95937581592,38204.5
130,20230401,108,統計區域,中部地區_山地原住民族地區,100,1.49767989472955,8.50820693953875,3.63944871528499,4.69388461804834,16.3030680795069,14.3742641457165,8.38527598864187,10.9218089895422,31.6763626289909,1571.59409564879,14439
131,20230401,108,統計區域,中部地區_平地原住民族地區,100,1.49516270888303,6.20932277924362,5.57607739665787,9.8504837291117,22.4978012313105,6.26209322779244,12.0316622691293,15.7431838170624,20.3342128408091,154.757928376674,1421.25
132,20230401,108,統計區域,中部地區_非原住民族地區,100,1.06403213354666,10.3438244738579,7.36207301654788,8.22135448717231,24.5130178905087,1.66821441757947,18.4577687772022,13.7585732347248,14.61114156886,2430.60735179051,22344.25
133,20230401,108,統計區域,南部地區,100,0.965137758143808,9.39286726545931,6.06204247583491,7.40688253173959,24.5863346266994,6.20327022879873,17.1090825571508,12.5340852448762,15.7402973112972,5568.06652635563,51158.5
134,20230401,108,統計區域,南部地區_山地原住民族地區,100,0.93701983284632,8.7564725422103,5.2331003366166,6.90374896750184,20.6384169249762,9.25207165759253,21.1775363927845,11.1216704709968,15.9799628744749,3063.95696448936,28147.75
135,20230401,108,統計區域,南部地區_平地原住民族地區,100,1.15593834995467,5.07706255666364,4.48776065276519,6.95829555757026,21.7588395285585,8.83952855847688,15.5031731640979,17.4977334542158,18.7216681776972,119.918065008212,1103
136,20230401,108,統計區域,南部地區_非原住民族地區,100,0.991658203147288,10.4278166402301,7.2063539158517,8.075909210211,29.8010977850304,2.15334755965355,11.9626616151818,14.0988919446315,15.2822631260627,2384.19149685809,21907.75
137,20230401,108,統計區域,東部地區,100,1.35263485409229,8.47935021124685,5.83401565519274,7.45291979170078,26.101267481086,7.3025906396358,17.7755215668293,10.039956768087,15.6617430321292,8309.86949897968,76332.5
138,20230401,108,統計區域,東部地區_山地原住民族地區,100,2.1707788145045,10.1411822311689,5.45278964119583,8.08601507031909,25.5066510704279,4.83800767117325,14.3290443676723,10.7682054351079,18.7073256984304,2000.56110752479,18380.5
139,20230401,108,統計區域,東部地區_平地原住民族地區,100,1.09501668020673,7.96587903825212,5.96511848996595,7.24206177726306,26.2665721743038,8.09811072891639,18.8823397230913,9.82576530171296,14.6591360862877,6298.48867816083,57853
140,20230401,108,統計區域,東部地區_非原住民族地區,0,,,,,,,,,,,
141,20230401,108,縣市,新北市,100,1.95278950556455,8.15289618573198,7.89523645930332,10.393179701838,26.0362893383117,0.650929835188182,17.219806348374,13.4986574572149,14.2002151684733,3009.53599107587,27652.75
142,20230401,108,縣市,臺北市,100,2.10187173979748,10.8162012887389,11.6508131328628,16.0724148511813,30.9235961951519,1.51887081926971,8.27554464559681,8.36146057072722,10.2792267566738,886.87301903547,8147.5
143,20230401,108,縣市,桃園市,100,1.27524376437936,5.84888434430121,6.39301756564292,7.6587663879049,22.1283277946171,2.32699119891904,18.3953547821641,21.3015374502429,14.6718767118285,3726.81558842302,34228.75
144,20230401,108,縣市,臺中市,100,1.13133532088498,8.6521261572258,6.40985407186568,6.71112505884199,25.408755688059,3.91181547152048,17.9350384434332,13.2778911030912,16.5620586850777,1733.34097287912,15932.5
145,20230401,108,縣市,臺南市,100,0.605164066702528,12.9101667563206,7.24179666487359,9.6624529316837,25.1143087681549,1.51291016675632,15.3240989779451,16.9042495965573,10.7248520710059,404.614339749671,3718
146,20230401,108,縣市,高雄市,100,0.986784421878238,8.98468013199636,7.50051810167546,7.98992491511103,29.1970221109854,4.44610945495704,11.1080999218862,12.968483476542,16.8183774649684,1706.55113953867,15682.25
147,20230401,108,縣市,宜蘭縣,100,0.80474234998013,8.93826996953239,4.351569744337,8.87203603126242,23.8276592926215,17.1115379520466,6.93138163995231,12.3625645780898,16.8002384421778,821.723700930557,7549
148,20230401,108,縣市,新竹縣,100,1.24522119060623,8.83123975969416,7.49590387766248,4.02239213544511,26.7667941015838,3.11851447296559,14.3118514472966,15.9038776624795,18.3042053522665,997.150320861305,9155
149,20230401,108,縣市,苗栗縣,100,2.6313215298836,12.530568326323,7.5564902670449,7.89885552186247,16.2672405360462,16.8688251980828,8.36349408197202,10.8285239166585,17.0546806221266,557.13611026911,5111.5
150,20230401,108,縣市,彰化縣,100,0.243217960710945,9.23292797006548,2.67539756782039,6.90364826941066,21.5154349859682,3.36763330215154,19.4387277829747,21.5622076707203,15.0608044901777,290.817300918702,2672.5
151,20230401,108,縣市,南投縣,100,1.15661202801404,9.85936649204829,4.83486359113014,6.13792973957453,17.4749807544265,6.86644510786909,11.3839914380668,11.3220300794232,30.9637807694474,1447.9074289956,13314.75
152,20230401,108,縣市,雲林縣,100,0,4.21904964841253,10.8246324312806,15.3419987215001,31.4937140421905,4.04858299595142,15.8320903473258,10.4197741316855,7.82015768165353,127.757562753438,1173.25
153,20230401,108,縣市,嘉義縣,100,1.94482870860119,8.47912767515664,2.97827325250224,10.8796484661079,20.6444788021808,26.161607942062,7.42940841402881,2.24591097729677,19.2367157620636,334.435305951617,3072.25
154,20230401,108,縣市,屏東縣,100,0.904034623363617,9.1717934043923,5.47517705129122,6.32108877602117,21.954360111596,5.73628299592245,21.97850346949,12.9435224264969,15.5152371414264,3043.33592416671,27958
155,20230401,108,縣市,臺東縣,100,1.53087115872568,7.67056667606428,6.47378065971243,7.33436707076403,26.1467437270933,8.97519030166338,17.3696081195376,8.32534536227798,16.1735269241613,3861.1554625788,35470
156,20230401,108,縣市,花蓮縣,100,1.19791985316611,9.18140104007342,5.27867849495258,7.55582747017437,26.0617925971245,5.85071887427348,18.1278678494953,11.5282961150199,15.2174977057204,4448.71403640075,40862.5
157,20230401,108,縣市,澎湖縣,100,1.51658767772512,10.1421800947867,1.61137440758294,7.77251184834123,50.4265402843602,2.27488151658768,7.29857819905213,9.09952606635071,9.85781990521327,28.758733305957,263.75
158,20230401,108,縣市,基隆市,100,0.870043502175109,8.92044602230112,7.53037651882594,9.44547227361368,22.8561428071404,1.64008200410021,26.8463423171159,14.6507325366268,7.24036201810091,543.719916376489,4999.75
159,20230401,108,縣市,新竹市,100,2.47599797877716,14.6538655886812,11.1546235472461,8.14805457301667,29.3203638201112,0,17.622536634664,10.5608893380495,6.06366851945427,215.474176729574,1979
160,20230401,108,縣市,嘉義市,100,0,13.9472267097469,6.30048465266559,11.8470651588584,34.5180398492192,1.40010770059235,10.5008077544426,8.23909531502423,13.2471728594507,50.3710836430464,464.25
161,20230401,109,總計,-,100,1.23652300061902,8.80623882059403,7.04867480128665,8.4118502652676,23.4679229375776,4.85105518401634,17.2713514786248,13.3077180150312,15.5986654969827,28154.6141611707,263319
162,20230401,109,行政區域,山地原住民族地區,100,1.40136782002438,8.62875876477681,4.63358167559614,7.64457937375234,20.5794136111047,9.73650033381717,15.2499642931878,13.1357888548244,18.9900452729163,8047.49368770073,75265.75
163,20230401,109,行政區域,平地原住民族地區,100,1.04843333044622,8.43448529017516,6.05385697257658,7.53205723076669,25.7031143666712,7.15137117097052,18.6136098359709,10.0933361379544,15.3697356644683,6481.0880785688,60614.25
164,20230401,109,行政區域,非原住民族地區,100,1.2286270294023,9.08787733739279,8.94820266951247,9.28346110688251,24.1107510259811,0.871593468247554,17.8267641773711,14.9381272608856,13.7045959243246,13626.0323949016,127439
165,20230401,109,統計區域,北部地區,100,1.49657835258664,8.17009877783358,7.84598401138456,9.16938724259166,22.9216369496066,2.16102670349908,18.1765863050393,15.769138205257,14.2895634522016,10218.2794896516,95568
166,20230401,109,統計區域,北部地區_山地原住民族地區,100,1.78434382194935,6.64724761040954,2.62506104793135,6.9071373752878,19.8056931556548,11.8276006418754,12.9630921649341,17.6445963859625,19.7952277959953,1532.45761793142,14333
167,20230401,109,統計區域,北部地區_平地原住民族地區,100,2.15311004784689,8.13397129186603,5.98086124401914,5.50239234449761,23.8437001594896,1.59489633173844,13.1578947368421,18.0223285486443,21.6108452950558,33.4766501075989,313.5
168,20230401,109,統計區域,北部地區_非原住民族地區,100,1.44306519281032,8.43996960016806,8.7779514714878,9.58428847710436,23.4699678083081,0.451054416934931,19.1194552745562,15.4282236488449,13.2860241097854,8652.34522161264,80921.5
169,20230401,109,統計區域,中部地區,100,0.925943199696534,8.45288509971457,6.46605600432812,7.49709282440659,21.1841377037355,5.74967818965356,14.5930886952845,14.2672362865263,20.8638819966544,4298.21940867422,40202.25
170,20230401,109,統計區域,中部地區_山地原住民族地區,100,1.07697344614271,8.09022452742405,3.84091809832337,5.19531990419244,19.3062567849327,13.0839350024986,9.3636379301432,11.745041614254,28.297692692089,1551.03008345335,14508.25
171,20230401,109,統計區域,中部地區_平地原住民族地區,100,1.15860341318303,3.42883983090653,4.82229528730233,7.06121809926413,27.0549553781118,6.21575074369814,11.5390637231877,11.4294661030218,27.2898074213246,170.711156959564,1596.75
172,20230401,109,統計區域,中部地區_非原住民族地區,100,0.819595597007957,9.00413947649628,8.15549492161969,8.91180528898526,21.9257384141344,1.30305325296455,17.9439562605692,15.973814439407,15.9624023488157,2576.47816826131,24097.25
173,20230401,109,統計區域,南部地區,100,1.18134715025907,10.4367135455218,7.39649642240316,8.1327411793733,23.3575129533679,5.96052306933136,16.4594127806563,12.4564520108562,14.6188008882309,5417.21781340268,50662.5
174,20230401,109,統計區域,南部地區_山地原住民族地區,100,1.46521495034652,9.65642918281134,5.03713657239101,7.78349424314101,18.7357919247513,9.34074530845904,19.053316521403,12.6153902791455,16.3124810175513,2904.66529356888,27163.25
175,20230401,109,統計區域,南部地區_平地原住民族地區,100,0,8.23504181857174,5.57580956465795,7.07698906283508,28.0720566159125,4.3534205447137,20.8235041818572,15.5264850954321,10.3366931160197,124.6054137187,1165.75
176,20230401,109,統計區域,南部地區_非原住民族地區,100,0.897754494369445,11.5006604428325,10.3611167080843,8.61262229386348,28.7326213983478,1.93319452839904,13.0767680838203,12.1028947545168,12.7823672957665,2387.94710611513,22333.5
177,20230401,109,統計區域,東部地區,100,1.11203238550456,8.70734364076802,6.13308621502544,8.13246841925572,25.4138418767985,6.99377326895251,18.0815815571705,10.3074346843551,15.1184379521696,8220.89744944273,76886.25
178,20230401,109,統計區域,東部地區_山地原住民族地區,100,1.27068596274904,9.05964046985528,6.15614251411513,9.842299954572,24.7141281069505,6.21714582386917,16.0218054383802,11.5620741125316,15.1560776169771,2059.34069274712,19261.25
179,20230401,109,統計區域,東部地區_平地原住民族地區,100,1.06059881904646,8.57907565836639,6.09811733933514,7.56540214552928,25.627734593944,7.26429809735263,18.7948886175718,9.90297758447641,15.1069071443779,6152.29485778296,57538.25
180,20230401,109,統計區域,東部地區_非原住民族地區,0,,,,,,,,,,,
181,20230401,109,縣市,新北市,100,1.26047110107403,7.95409784406922,7.93308999238465,12.2467022049491,25.3958667051811,0.4149050707702,17.3577374543736,13.3995080661397,14.0376215610584,3053.53677596819,28560.75
182,20230401,109,縣市,臺北市,100,2.45308951834588,10.0274889446636,10.3053663200669,14.2583960798375,32.5953149276921,0.624477112465639,6.96187402892315,7.28755826461097,15.4864348033943,894.645957678135,8367
183,20230401,109,縣市,桃園市,100,1.34852855498558,7.16041663706251,8.08975033038239,6.82648174726102,19.7391044860955,1.44160402427067,21.7270828300627,20.4844187401418,13.1826126497378,3762.09545878155,35186.5
184,20230401,109,縣市,臺中市,100,1.04535764169668,7.99235462765566,7.15724472542821,9.22443578622363,22.8214364478424,1.33794016025877,18.3444828346688,15.7377049180328,16.339042858193,1817.95320589142,17003.75
185,20230401,109,縣市,臺南市,100,1.44142968953822,10.9444299504305,10.8465953561179,12.7837203235064,25.2348030263501,0.613096791025307,13.2272371510566,12.2488912079311,12.6597965040438,409.785389763722,3833
186,20230401,109,縣市,高雄市,100,0.699346405228758,11.5849673202614,9.68464052287582,8.47549019607843,26.2614379084967,4.39869281045752,12.9346405228758,11.7957516339869,14.1650326797386,1635.9418634277,15300
187,20230401,109,縣市,宜蘭縣,100,1.25596407521751,10.6406118439517,4.28711759753017,6.24824586023014,19.7270558518103,13.0367667695762,10.5844793713163,17.2291608195341,16.9905978108336,762.101586729141,7126
188,20230401,109,縣市,新竹縣,100,2.24024927473944,9.16783066509079,8.34586870097776,6.32856989362845,22.4991941549371,4.36768024067906,15.0693026754056,14.4004512732352,17.5808531213065,994.983514055785,9307
189,20230401,109,縣市,苗栗縣,100,0.110430679650637,9.2360204798715,4.47244252585082,5.69721915470334,16.9862463608071,8.60355386005421,9.35649031221765,15.7614697319546,29.7761268948901,532.494349796898,4980.5
190,20230401,109,縣市,彰化縣,100,0.403557898204579,4.82622302750782,5.0980069181354,5.13095042002965,21.6932959973645,2.86608466479987,18.6789655740405,19.008400592983,22.2945149069346,324.457092917394,3035.5
191,20230401,109,縣市,南投縣,100,1.2646453805563,9.39629729004561,6.28924067614703,6.63983543511314,20.1109024237546,11.0634111439048,10.7056613898578,10.714605133709,23.8154011269117,1494.44915755055,13976.25
192,20230401,109,縣市,雲林縣,100,0,9.90673575129534,10.4455958549223,6.46632124352332,26.5906735751295,1.84455958549223,18.0932642487047,16.6010362694301,10.0518134715026,128.865602517956,1206.25
193,20230401,109,縣市,嘉義縣,100,1.43008044202486,5.68781993987162,2.24262614772081,9.17364101730722,17.8760055253108,22.8569107012269,8.78361907857317,5.53343625578939,26.4158608921752,328.952819981171,3076.75
194,20230401,109,縣市,屏東縣,100,1.39825942059172,10.2705052389448,6.2197187180207,7.06555699446673,21.9320250310171,5.80676127256097,19.8065620387057,13.6973275495141,13.8032837361782,2952.04393063759,27605.75
195,20230401,109,縣市,臺東縣,100,1.23899666105577,8.96685890891029,7.17597063936643,8.67504622092221,25.0586384834019,7.60851568751897,17.1921134689147,9.42285935042358,14.6610005794862,3874.93335185197,36239
196,20230401,109,縣市,花蓮縣,100,0.998837559736514,8.47597315931582,5.20330403655844,7.64873392418921,25.730522975109,6.4457005086445,18.8745856115727,11.0960766103488,15.526265614525,4345.96409759089,40647.25
197,20230401,109,縣市,澎湖縣,100,0.900900900900901,8.64864864864865,5.85585585585586,12.8828828828829,32.6126126126126,1.44144144144144,12.1621621621622,11.6216216216216,13.8738738738739,29.6513423698117,277.5
198,20230401,109,縣市,基隆市,100,0.25206694898165,5.68663036902601,5.59084492841299,9.01895543456342,16.9187336156483,1.04355716878403,36.5345835854003,14.8669086509377,10.0877192982456,530.438197552468,4959
199,20230401,109,縣市,新竹市,100,3.88019886019158,13.7868315751182,7.96653328483085,9.15484418576452,31.0900933672851,0,10.5492906511459,5.84454953316357,17.7276585425003,220.477998886468,2061.75
200,20230401,109,縣市,嘉義市,100,0.658472344161545,10.7550482879719,8.34064969271291,11.4135206321335,26.9095697980685,2.28270412642669,14.2230026338894,9.26251097453907,16.1545215100966,60.8424672227093,569.5
201,20230401,110,總計,-,99.9999999999982,1.65235301460489,8.58744226688286,7.04755960554225,8.47609536886763,23.4782174510045,4.63849706653342,17.2641368118834,13.4727250031205,15.3829734115588,21074.7637846523,267033.333333339
202,20230401,110,行政區域,山地原住民族地區,99.9999999999997,1.68579013185318,8.08231499967088,5.14556503806409,6.63258813979507,20.1557666571597,9.7185230688225,16.1562931923389,13.1344200434391,19.2887387288563,5996.69380257615,75968.3333333336
203,20230401,110,行政區域,平地原住民族地區,99.9999999999992,1.69603134199516,7.77462980588321,6.30492042763226,8.65723012904218,24.9380243033266,6.205869983842,19.4255074260164,10.2088359636113,14.7889506186501,4754.91564012289,60238.6666666672
204,20230401,110,行政區域,非原住民族地區,100.000000000001,1.61282514478483,9.25501746590274,8.49395763849795,9.46318146958192,24.7353361581131,0.966930714764367,16.9122424384491,15.1720219425754,13.3884870273316,10323.1543419532,130826.333333332
205,20230401,110,統計區域,北部地區,100,1.5872423951698,8.41218128871068,7.50092380083874,9.495655593487,23.7635476664283,1.70962481820617,16.8955545686614,16.3202554775458,14.3150143909526,7758.65307909498,98325.6666666663
206,20230401,110,統計區域,北部地區_山地原住民族地區,100,1.29364598387022,7.55209547340451,4.28884434292108,7.18614516805744,19.4746165679922,9.18372103864622,11.3188196354482,18.3977436949327,21.3043680947275,1127.96363755168,14300.6666666667
207,20230401,110,統計區域,北部地區_平地原住民族地區,99.9999999999999,0,5.33216783216783,1.57342657342657,5.59440559440559,40.5594405594405,0,14.7727272727273,10.3146853146853,21.8531468531468,30.1135717120181,381.333333333333
208,20230401,110,統計區域,北部地區_非原住民族地區,100,1.64467522944555,8.5732731308607,8.07712080213287,9.90830148526889,24.4202589556492,0.439563067137979,17.8586942227146,15.99244413803,13.0856689687604,6600.57586983125,83643.6666666665
209,20230401,110,統計區域,中部地區,99.9999999999995,1.72237436895766,9.95149635397758,7.5551852707295,6.00273864123797,21.3011845448245,7.24172633385023,12.8427426007192,13.6890817302932,19.6934701554095,3189.8030821235,40409.3333333335
210,20230401,110,統計區域,中部地區_山地原住民族地區,99.9999999999999,1.97726489838098,8.64622803995866,4.51716614995981,2.65931794695143,17.5795154437938,16.9066482948674,8.60029854173843,9.80594787001952,29.30761281433,1146.63324902965,14515
211,20230401,110,統計區域,中部地區_平地原住民族地區,100,1.23304562268804,5.71311138512125,5.34319769831484,8.13810110974106,30.9494451294698,4.1718043567612,14.6115906288533,11.6111796136457,18.2285244554048,128.003131077939,1622
212,20230401,110,統計區域,中部地區_非原住民族地區,100.000000000001,1.60264773335898,11.0152848922642,9.519755002266,7.85942843017431,22.882019308678,1.66719310051225,15.2615460675393,16.1500748451599,14.0420506200476,1915.16670201593,24272.3333333332
213,20230401,110,統計區域,南部地區,99.9999999999999,1.83127783928525,8.77725997064805,6.96915471562089,8.21339375370117,23.1365380159118,5.98560725044413,19.0137490666598,11.7163160740493,14.3567033136795,4086.92057419763,51785.3333333334
214,20230401,110,統計區域,南部地區_山地原住民族地區,100,2.1003051930887,8.13928339701536,4.98882560738231,7.32223103357124,19.4350323216303,9.00800230697138,22.2394444043929,12.0779564078533,14.6889193280946,2190.07648047417,27742
215,20230401,110,統計區域,南部地區_平地原住民族地區,100,1.67582417582418,1.97802197802198,15.3846153846154,6.23626373626374,18.8461538461539,9.17582417582418,16.8681318681319,13.543956043956,16.2912087912088,95.7732079920511,1213.33333333333
216,20230401,110,統計區域,南部地區_非原住民族地區,100,1.51262958096073,9.91385603737773,8.92831070229231,9.40137246313332,27.862461673237,2.14337859541539,15.2080595707403,11.1797342677763,13.850197109067,1801.0708857314,22830
217,20230401,110,統計區域,東部地區,99.9999999999993,1.57794536004774,7.96378828870033,6.24991831453474,8.64994619650685,24.4925698900839,6.11573632367481,18.8887291484234,10.8879101154923,15.1734563625352,6039.38704923628,76513.0000000006
218,20230401,110,統計區域,東部地區_山地原住民族地區,100,1.16430828410496,7.96984475889545,6.47066904794615,8.21026239868113,23.6141640335211,5.75285066630031,16.6763978568485,13.2555982964693,16.8859046572331,1532.02043552065,19410.6666666667
219,20230401,110,統計區域,東部地區_平地原住民族地區,99.9999999999992,1.72097319163362,7.97294611436516,6.17071773467546,8.74399354635046,24.7921854722737,6.24203523786136,19.6479721277167,10.0972723977879,14.6119041773349,4501.0257293409,57022.0000000005
220,20230401,110,統計區域,東部地區_非原住民族地區,0,,,,,,,,,,,
221,20230401,110,縣市,新北市,100,1.34882873858903,7.93703189382387,7.11293737336947,11.5350467821613,26.3994809570424,0.062603865504132,16.181391854668,15.2605459057072,14.1621326291347,2310.53162614939,29284.6666666666
222,20230401,110,縣市,臺北市,100,2.87326001379814,12.7551641572988,10.0117690028814,13.1488170122966,30.4492512479201,0.633091189480946,6.09959011403758,7.95016436021266,16.0788929020738,648.208337066922,8213.66666666667
223,20230401,110,縣市,桃園市,99.9999999999997,1.88694754724218,7.58341020559141,7.64460356748165,8.08483043958752,19.8860159468074,1.42480066490697,21.9784635899496,19.5590424608864,11.9518855775466,2879.55543301215,36496.3333333334
224,20230401,110,縣市,臺中市,99.9999999999998,2.05526736227539,9.81281682084457,9.027791475177,6.43405195368744,25.5251582871457,1.00396457523817,14.3848991104361,14.8701157813763,16.8859346338192,1333.50567496389,16899.6666666667
225,20230401,110,縣市,臺南市,99.9999999999999,2.31589470176608,11.4128623792069,11.3545484838387,11.1712762412529,23.1006331222926,0.133288903698767,15.561479506831,14.6284571809397,10.3215594801733,315.652291025701,4001.33333333334
226,20230401,110,縣市,高雄市,99.9999999999999,1.32974781375061,9.28494293518538,8.3257458657124,9.90746818557181,27.9861096406716,4.46778325957609,14.8283820695788,9.59620556037859,14.2736146695746,1242.26632546488,15742.3333333333
227,20230401,110,縣市,宜蘭縣,99.9999999999999,0.240531793929852,10.1548150091839,3.79602903874748,7.76699029126213,25.7412752558383,7.76699029126213,9.77871074958453,14.7161724831628,20.0384850870288,601.198457577301,7622.00000000001
228,20230401,110,縣市,新竹縣,100,1.57321631724362,9.74483991548839,7.94084186575655,7.70030879245897,22.3078173248822,4.59288152120917,10.5379489679831,16.2522346822688,19.3499106127093,809.872728073076,10255
229,20230401,110,縣市,苗栗縣,100,1.74400498287138,12.2827779507941,7.39956399875428,5.35035814388041,18.2497664279041,9.47991279975086,10.8502024291498,16.5182186234818,18.1251946434133,422.398894944234,5351.66666666667
230,20230401,110,縣市,彰化縣,99.9999999999999,1.59716060337178,6.11135758651286,6.48846495119787,6.78793256433007,24.1015971606034,2.59538598047915,19.6650399290151,20.840727595386,11.8123336291038,237.224811715171,3005.33333333334
231,20230401,110,縣市,南投縣,99.9999999999999,1.4670157315031,9.80447652067265,5.93646076558409,5.23597254652232,16.7692634260242,15.1324323686879,10.6865727965282,8.90115332908794,26.0666525153895,1116.04235652314,14133
232,20230401,110,縣市,雲林縣,100,0,13.370382477934,9.54560313828048,10.5916966328866,21.8698921216084,3.20366132723112,7.5187969924812,24.5505067015364,9.34946060804184,80.631343977076,1019.66666666667
233,20230401,110,縣市,嘉義縣,100,2.73152682555229,7.17161823919904,6.26836434867776,10.4799216454456,13.3964522798999,26.477309826967,8.24899336162803,3.76537164000435,21.460441832626,241.896335459399,3063
234,20230401,110,縣市,屏東縣,100,1.93260069804736,8.30110366946517,5.55607961513066,6.68804829733045,21.1560230166966,5.57376662579003,23.1640882935572,13.5293840203755,14.0989057636073,2231.16968458802,28269.3333333333
235,20230401,110,縣市,臺東縣,100,1.51941687756515,7.91935621463307,6.66533966502689,8.63119780855161,23.7087800115639,6.56012739215744,18.4083563188975,11.2662439218586,15.3211817897461,2775.74278046794,35166.9999999999
236,20230401,110,縣市,花蓮縣,100,1.62772698689111,8.00158016091844,5.89658008029798,8.66589271029847,25.1592253986681,5.73775778390493,19.2973121140296,10.5661168351634,15.047807929828,3263.64426876835,41346
237,20230401,110,縣市,澎湖縣,100,2,5.42857142857143,8.42857142857143,8.14285714285714,40.8571428571428,0,26.5714285714286,0,8.57142857142857,18.4282218257583,233.333333333333
238,20230401,110,縣市,基隆市,100,0.963671128107074,4.1453154875717,7.79349904397705,8.8565965583174,23.7858508604207,0.634799235181644,24.5889101338432,15.189292543021,14.0420650095602,344.059657080512,4358.33333333333
239,20230401,110,縣市,新竹市,100,0.922538571655798,8.47781135676794,11.2931445840624,7.65070780976619,28.1374264355019,0,21.6637505964689,16.0489899793224,5.80563066645459,165.226840135577,2095.66666666666
240,20230401,110,縣市,嘉義市,100,2.45098039215686,10.0840336134454,12.9551820728291,3.36134453781513,34.6638655462185,0.910364145658263,5.53221288515406,6.58263305322129,23.4593837535014,37.5077158338739,476
