Seq,DateListed,年度,類別,項目別,總計,農林漁牧業,工業_礦業及土石採取業,工業_製造業,工業_電力及燃氣供應業,工業_用水供應及污染整治業,工業_營建工程業,服務業_批發及零售業,服務業_運輸及倉儲業,服務業_住宿及餐飲業,服務業_出版影音製作傳播及通資訊服務業,服務業_金融及保險業,服務業_不動產業,服務業_專業_科學及技術服務業,服務業_支援服務業,服務業_公共行政及國防_強制性社會安全,服務業_教育業,服務業_醫療保健及社會工作服務業,服務業_藝術_娛樂及休閒服務業,服務業_其他服務業,樣本數_人,母體數_人
1,20230401,103,總計,-,100.000000000001,11.6398006957409,0.564206001497218,16.3207308110818,0.650641397496148,0.943657540710447,18.5637896144176,9.02441775209712,5.27984791755935,9.71994064229711,0.73151152541492,1.06460731276194,0.259445175723735,0.690916403690169,2.91239018264699,4.06987336117742,3.58231250255024,5.59803876891958,2.00794760474602,6.37592478947239,30225.5864565936,235643.104494163
2,20230401,103,性別,男,99.9999999999997,13.5202356863743,0.870033816085655,15.3932136694165,1.04730421739808,1.26873842523873,28.7274387262688,5.0505279134553,8.57503781621651,5.69916516176067,0.821650362413012,0.549814745175972,0.312601006116749,0.609627169346091,3.08611992181863,5.04676418581685,2.27685549451748,1.1935538178441,1.62573439903792,4.32558346569843,16624.2180759134,129603.869860044
3,20230401,103,性別,女,99.9999999999999,9.34148486342419,0.190415409569006,17.4543660295561,0.165829934396939,0.546335353335507,6.14151722306546,13.8814077451173,1.25238238309689,14.6342354683009,0.621341528998525,1.69379998059413,0.194476757681772,0.790270188968815,2.7000532435497,2.87589236215472,5.17787551053241,10.9813131424975,2.47509837910134,8.88190449605865,13601.3683806803,106039.234634123
4,20230401,103,年齡,15 ~ 19歲,100,3.74415148272191,0,14.782542006031,0.845103684099886,0.437004907863313,13.7926464453656,19.7233178123326,2.49507675781427,27.4156092464146,0.0495119074012427,0.16771241720301,0,0,0.720141355955867,0.393864072925347,1.23239170832414,0.938351392421291,3.0391021343836,10.2234726687424,976.549929090396,7613.94440913662
5,20230401,103,年齡,20 ~ 24歲,99.9999999999996,4.18092802222035,0.424428453255274,17.1600844759318,0.460052585574049,0.540869209172785,12.5134103612159,16.6313989007884,2.93100130713429,17.7919491397809,0.977721438737078,1.01887050714381,0.315163371752074,0.650755461729865,1.91219949699627,1.42043347597483,4.01610228201897,6.27477208684561,2.70626836275583,8.07359106097156,3019.68096107369,23542.746216537
6,20230401,103,年齡,25 ~ 29歲,100,5.01204605100421,0.208054164266693,21.0154488780596,0.366104730226628,0.767397966513554,12.4745136986069,12.8886726082201,5.06507286465531,10.7340412324792,1.47501835702961,2.00199733296402,0.406539668214499,1.31543978050787,2.06347556932831,2.89550299581942,4.93167794350952,8.00535895802786,2.83250094220512,5.54113625836153,3777.53149267266,29449.5372196931
7,20230401,103,年齡,30 ~ 34歲,100,6.8969406748213,0.573818547325856,21.5196712085636,0.53136488015691,0.745343124067142,16.8614783610685,8.725153334231,5.53754947005546,8.76380881957701,0.938033912390996,1.86330413726833,0.384929824972019,0.64747107508594,2.54380983976343,3.66370281615644,3.79343035154053,8.01705525062406,2.03735557842754,5.95577879390427,4348.98387446459,33905.0111326193
8,20230401,103,年齡,35 ~ 39歲,100,7.67481873808786,0.661321755376881,19.9061494358155,0.738259680928336,1.07796824539169,20.0237430341953,8.09146372566387,6.32561411839847,7.20744477278855,1.2169436930126,1.30460547757494,0.302765709145753,1.08698061812802,2.95106464154542,3.79897796242273,3.4849101485797,6.16997517414928,1.96400975863674,6.01298331015842,3985.74650895717,31073.7241075274
9,20230401,103,年齡,40 ~ 44歲,99.9999999999999,11.2070340369638,0.673920036115124,16.1376361203727,0.74200553485421,1.13994505880681,22.1591677390506,6.00096438640543,6.19179366546763,7.68403746165264,0.793445168433602,0.814855015676506,0.196557340798566,0.737843052585985,3.57760919491401,5.86189567024815,3.52730919361727,5.10744032106024,1.41415400135215,6.03238700162442,3734.83358892533,29116.8651503175
10,20230401,103,年齡,45 ~ 49歲,99.9999999999998,13.1626295886173,1.00075940834634,12.6143248133898,0.56611362593315,0.864105444197682,25.0613577969712,5.47456319608694,6.11809009185064,8.59478394297833,0.240434741016291,0.43018464869033,0.250814802715594,0.497867270923532,3.24483348736639,6.08267688456888,3.30723971408814,4.75441027518534,1.79689398358018,5.93791628349381,3722.9947708237,29025.2459497555
11,20230401,103,年齡,50 ~ 54歲,100,15.9699172555138,0.817137773428074,12.465413452972,0.769276290445445,1.16135512926991,24.0628855996886,5.43369106749902,6.30905615913164,7.84348956273293,0.0308579118557613,0.738383348838048,0.220600237574444,0.547510940124259,2.9434695619164,5.54106997905785,3.55293465843805,3.93784209501898,1.63160847396948,6.02350050252536,3119.83512657264,24324.2289471465
12,20230401,103,年齡,55 ~ 59歲,99.9999999999998,26.2616327318223,0.298084364170349,10.0768623475052,1.16101955722972,1.23802522376538,18.3390681894565,6.95734819271836,4.41579208869601,6.57371017556146,0.218084022315317,0.518612639591453,0,0.123833378259672,4.6684848413778,4.9757471053853,2.84421407700142,3.27987671699454,1.32879206695451,6.72081228119465,2166.27836377887,16888.0801259089
13,20230401,103,年齡,60 ~ 64歲,100,34.9805428845273,0.42281397367698,5.72904206511523,0.898933652409204,2.04508161428516,17.0324472066413,5.65696513453331,4.63123410687898,5.72303692543712,0.0894787216506838,0,0.119299510806958,0.16853049179317,5.39205563749789,3.27019287576585,2.651403960975,3.10969323703335,1.84063326548877,6.23861473548379,985.065594742591,7679.13091500312
14,20230401,103,年齡,65歲及以上,100,61.8348491625392,0,2.9243064838181,0.349377871166482,0.596695303966952,4.99513546167525,10.3352844062689,0.402607171721353,2.20197008452003,0.238293346897473,0,0,0.126734244141585,2.27128979966772,1.29068734838305,1.50728214578568,1.06018602554598,1.05505543152316,8.81024571237905,388.086245491996,3024.59032052134
15,20230401,103,教育程度,小學及以下,99.9999999999999,32.9454811430812,0.446607326138353,11.6197089023582,0.404013662491285,1.36091280808534,23.6914878831508,6.42367186181275,3.11657155870585,5.91593100445316,0.0163770342281742,0,0,0.0758774640746416,3.27020357899935,1.12517681225775,1.06417924885683,2.09749953752532,1.03544479805997,5.39085537572093,4107.71811374429,32023.8560358909
16,20230401,103,教育程度,國(初)中,100,16.0881940322136,0.543235039116727,15.0117340383231,0.680815648679873,1.30079833508102,32.1221501306141,5.8281606998458,6.12399363657199,8.18204096939207,0.149397208057554,0.126341649792654,0.0155968375085491,0.118696490569035,3.09337642308855,0.918560471216293,0.854588353976323,2.20008245833982,1.3492616761374,5.29297590147599,7272.19785518235,56698.5471166591
17,20230401,103,教育程度,高級中等(高中、高職),99.9999999999995,7.00394663562657,0.691979366932467,20.2511688039873,0.799691615300571,0.908569475009168,16.694394570825,10.8863232581067,6.597298707174,12.1924774358711,0.513691000806697,0.904341592577162,0.35159417829904,0.471129077725511,3.08863423843438,3.20203811087546,1.48342916664212,3.88923187648408,2.30445635132715,7.76560453799487,12593.1623219555,98178.7722171691
18,20230401,103,教育程度,專科,100,2.93492167997199,0.659016813387057,12.7057836188386,0.933963774645249,0.379530464869668,3.94427570396204,8.30221700674615,2.96809848553293,7.36323529411692,2.13329198261211,2.62051324077085,0.482408843901023,1.53873555283729,3.19887983671279,17.5953076040208,4.36593022988837,21.9229899438684,2.04539687820741,3.90550304511047,2173.9375209442,16947.5022611449
19,20230401,103,教育程度,大學及以上,100,1.20278079292101,0.274958691564636,13.1799858273229,0.233963368064616,0.295555319691756,2.78590311124516,11.9793049609387,3.11743411808938,9.91511247713685,2.41529951989449,3.47563060156703,0.552217499808979,2.55759540639603,1.53230772888361,8.12580659831608,17.0464255855044,11.758280842696,3.22653502772516,6.32490252223334,4078.57064476732,31794.4268633025
20,20230401,103,婚姻狀況,未婚,99.9999999999992,5.73219548749603,0.353564195808389,18.3428301937881,0.565073414815214,0.615722463916616,15.6563436533437,12.768868856174,4.04733045870417,13.0980177357059,1.06125595097375,1.53098764045235,0.286860221127518,1.02178784110528,2.56968289086074,2.54330596368996,3.91868834141178,6.07507289386384,2.7079086747502,7.10450312201173,10790.809738809,84125.0629637021
21,20230401,103,婚姻狀況,有配偶,100,14.5121512242213,0.668726580416635,15.6247495412738,0.71123526143058,1.16377553170095,20.3121199843749,6.41894342524874,6.43418932637641,7.25739460519526,0.638974463463583,0.882099973820882,0.285697286582862,0.563828608401089,2.86331720327945,5.4332812203655,3.74965260106379,5.26802398154687,1.47529392174368,5.73654525949399,16339.0522564285,127385.055797693
22,20230401,103,婚姻狀況,離婚或分居,100,13.5176007139684,0.960207110271778,14.2354131544813,0.783526040835186,0.882360001612076,23.1215877012717,9.3218954757427,3.9423523405718,10.6531676518003,0.0962936971605932,0.354190705967231,0.0345628821174703,0.284552284203185,4.01292044787494,1.97550028116932,1.37829012628017,5.39475862270191,2.49930502176872,6.5515157402013,2266.75595114473,17671.2027300708
23,20230401,103,婚姻狀況,喪偶,100,26.7904399106016,0.163090630599843,9.41837059325796,0.206712488318062,1.04131133980604,9.48520230160159,10.825703626747,2.22727242222823,11.734767274168,0,0.533538566785413,0,0,5.33180650791958,2.79389171755645,1.93160089974504,6.4492946806798,2.05204897964516,9.01494806034033,828.96851021141,6461.78300270015
24,20230401,103,個人每月收入,未滿1萬元,100,41.0659415538743,0.090576550161982,6.50101758342022,0.260143811223068,0.74798597867033,5.94869044448837,10.578289684138,1.10529921242634,13.7434145351862,0.121185427988317,0.408755220581484,0.131644588570198,0.259338641071392,2.26969945586055,0.109718364244882,3.98263002676848,1.94361887856525,1.40970327474354,9.32234676801707,1515.00186585482,11815.1919202012
25,20230401,103,個人每月收入,1萬元 ~ 未滿2萬元,100,32.0849112894447,0.143520348625578,9.82902063457968,0.169312994384187,0.810357460446523,10.2320154040291,10.821883695082,0.93909402812806,13.3244349858504,0.135219278782925,0.351904222641308,0.152469119396446,0.165311143585162,3.00977487539504,1.58705844384073,2.76113162894343,3.50958078368954,2.00217727706202,7.97082238609315,4887.34693105412,38104.6028014754
26,20230401,103,個人每月收入,2萬元 ~ 未滿3萬元,99.9999999999997,8.29912112698405,0.331503432141882,21.1253076763634,0.537722055088252,0.969133656100251,15.1975587522104,12.4021136034955,2.34193242076813,13.2871984792822,0.633688659945946,0.842855942890367,0.188779630302544,0.52689569793664,4.12196966236933,1.87183776633543,2.44635547547166,5.25790207477418,2.60390378806239,7.01422009947712,11505.5357537143,89701.5070236694
27,20230401,103,個人每月收入,3萬元 ~ 未滿4萬元,99.9999999999997,3.340719186169,1.00971102267041,18.1522281970768,0.672971546411652,1.15666805615539,27.912833786191,6.10873355354965,8.31859923553661,5.01894242950533,1.18267016454043,1.71526958631271,0.435959607244073,1.16100562028812,2.20292370870089,3.0166769313429,3.77936630242393,7.67228599753296,1.57053374882884,5.57190131951906,7612.28354147834,59339.7067611918
28,20230401,103,個人每月收入,4萬元 ~ 未滿5萬元,99.9999999999997,1.86751564655157,1.22421639772676,13.1710837536339,1.54325738471288,0.85533240188844,30.8297229517818,2.66282361230206,14.9803891815027,3.25475217711581,0.896528242952827,1.49417908584101,0.118476775793622,1.01737577154961,1.13540298852082,8.08898447212107,4.08672385944963,7.83306167480498,0.951846165921484,3.98832745582872,2894.24479627222,22563.6245594908
29,20230401,103,個人每月收入,5萬元 ~ 未滿6萬元,100,3.41823628331345,0.844327505616088,8.97759521414442,1.64109991548131,0.833768851674862,16.312515315613,4.48100582629699,13.1329835784411,4.00213864510812,1.7944706408312,1.6300095789786,0.511933077935468,1.04971791816819,1.29484952882343,20.9852728427394,10.086095694643,4.03444480319502,1.95570847827762,3.01382630071862,1093.30723334261,8523.99701839006
30,20230401,103,個人每月收入,6萬元 ~ 未滿7萬元,100,2.69840848509484,0.5797273830208,9.00078795204246,0.904711145004247,0.201664708758912,12.1824006836416,1.72300057859949,6.81431144430343,2.79317596864962,0.774351610359537,0.883535135386669,0.391559318268606,0.439759802117317,1.90848773008957,41.0511517440066,11.8884387591463,2.66972119212592,1.96921559423417,1.12559076514986,429.363147700442,3346.69511598208
31,20230401,103,個人每月收入,7萬元及以上,99.9999999999999,5.36854885595825,0,8.26187357222135,1.68499152217779,0,8.55289139256772,4.52428064083949,8.3885938497992,6.10743825450204,0.290377467066921,2.07957350238415,1.16574682594945,1.74133844184093,0.565219620538559,22.9429663243697,13.435253157866,6.87980376732375,3.87222162893604,4.13888117565856,288.503187176864,2247.77929376582
32,20230401,104,總計,-,100,10.2958516639133,0.560721513478757,16.368298057602,0.358607948374312,0.94101499569123,18.42105269977,9.06051451445438,6.10627849635313,10.1626556350726,0.83028123977919,1.23020881056877,0.285373627706592,0.794077486978629,3.02449869728092,3.94777338425014,3.58764413979309,6.34869617242954,1.74248925795383,5.9339616585499,30945.3724111569,237395.248278043
33,20230401,104,性別,男,99.9999999999994,12.515884078726,0.919850876124046,15.5642607910582,0.549242392812309,1.28478072645655,28.736531777512,5.0477884667124,9.86681751832545,5.79086896353069,0.823310827464438,0.717129548219676,0.291702696778664,0.787919412277587,3.07673555520339,4.78341901127445,2.10654369290206,1.45145453834015,1.46692900430452,4.21883012197685,17035.1238284832,130679.532583005
34,20230401,104,性別,女,100.000000000001,7.57729426683873,0.120946950363488,17.3528879419215,0.125165105104916,0.52005408359049,5.78915518149508,13.9743283879526,1.5012821427154,15.5161598970159,0.838816910624571,1.8585038816848,0.277623318554493,0.801618403687117,2.96053165988202,2.92447724428295,5.40133683582769,12.3456502622814,2.07992863987441,8.03423888630366,13910.2485826735,106715.715695039
35,20230401,104,年齡,15 ~ 19歲,100,4.1512322154479,0.322103362243738,13.4406617486542,0.118060380548075,0.38348110700337,14.2511211269388,18.2879412054486,5.11758092116366,28.0739903376174,0.187383349696025,0.0594116985725369,0.0989618592115036,0.228478865943979,2.32645578606914,0,1.83181893029228,1.25047907684502,1.76984508210404,8.10099294619982,947.468677960354,7272.77431080375
36,20230401,104,年齡,20 ~ 24歲,100,3.276900542465,0.436585430292541,14.7563696542494,0.253121925255147,0.264971752767263,12.167738716084,17.1719393089777,3.80003578407056,19.224583822172,0.908243954178816,1.5058727911743,0.326357324097875,1.09650568812924,2.17030317595507,1.86986838050344,3.35901635154347,8.33336544301742,2.4370932931199,6.64112666194721,3055.50428449792,23443.4782814656
37,20230401,104,年齡,25 ~ 34歲,100,4.11723367210825,0.395533417894344,20.1140516804656,0.318930581619419,0.618390477105957,12.4501490109633,11.4531088529621,6.08218716374615,12.171050922575,2.31407854373979,2.3253561519923,0.621117131175253,1.78686312595421,2.10475279512007,2.39861080499625,4.21481593763752,8.57144174739142,2.65537259778618,5.28695538476704,4025.1758929337,30874.2320999868
38,20230401,104,年齡,30 ~ 34歲,100,5.82150818408994,0.621235509899659,21.376406960558,0.333957018630267,0.654344620351834,17.2191144612817,10.1039060569479,6.15380622431624,7.93110068422879,1.34538925650657,1.7334951543132,0.462149730097359,0.734677856853912,2.22023390796851,3.5991664786669,3.09559281075193,8.45987429003044,1.94570231817827,6.18833847632889,4435.27570876347,34024.0086891948
39,20230401,104,年齡,35 ~ 39歲,100.000000000001,8.69024197940022,0.628291698944449,19.3086208322786,0.710931072340069,1.1253428745077,19.5630313297686,8.0733754789367,7.17219873907248,7.82061244128737,0.97330819982054,1.24625966046894,0.166815320226147,1.08322218495305,2.95293463001151,3.32642077602097,3.49790239958928,6.89723996271509,1.55304296672404,5.21020745293477,4179.90984522367,32063.4336639422
40,20230401,104,年齡,40 ~ 44歲,100,9.3036433753252,0.351734207354957,17.4065520598945,0.384505154261813,1.15845212641925,20.3888618516814,5.87718073123661,5.8201883758167,8.80545447887159,0.44215383032861,1.24517844207343,0.227452145315972,0.753580441506486,3.18329897258047,7.27587162490119,3.84748897087605,5.03868200017254,1.4613791923372,7.02834201904605,3767.19481547802,28900.2012864856
41,20230401,104,年齡,45 ~ 49歲,99.9999999999999,11.7719488064095,0.71200865424452,13.578520303676,0.151890346751583,1.01156097944767,23.6515429806412,5.98353776878185,7.15010777690905,8.29810279765982,0.142613208168467,0.834101942583201,0.238128331607308,0.210883164751722,3.50654913369514,5.97883040351874,4.58389811752816,5.27989598698282,1.24366205829305,5.67221723835,3695.80598625986,28352.1525146094
42,20230401,104,年齡,50 ~ 54歲,99.9999999999998,14.9983789787602,0.775272314672769,12.986592146381,0.305167166392493,1.19031896278302,25.5471246658217,6.00681174999451,6.01442493236135,8.05332486235711,0.149654329255211,0.390065252778267,0.125694466469982,0.405638646126475,3.13432554416154,4.90290740063393,3.80543603600325,4.68158378467101,1.14873543500567,5.37854332537023,3229.48271966525,24773.8540948954
43,20230401,104,年齡,55 ~ 59歲,100,21.8560276475966,0.64894698624733,11.3419660044141,0.551338805387644,1.65592188563681,20.1751386005964,4.64859375829877,7.30067743393635,6.91756657112142,0.278500476620033,0.820197458617632,0.122956202946479,0.350545417878151,4.91983997020908,3.5536974710365,2.66518818669757,4.47510120138889,1.31722667783706,6.40056924353348,2206.34874251672,16928.0142939783
44,20230401,104,年齡,60 ~ 64歲,100,31.6749712678885,0.723471445146075,7.86625807711945,0.254992089973063,1.77198990948304,16.184525427945,7.74389911888345,6.2813132833479,4.59494718747203,0.0979862156187249,0.301892312713275,0.0763944837312586,0.241057941050144,5.19636413773874,3.05405743431304,2.77828975937025,4.27490078377322,1.86776572838151,5.01492339605131,1034.29415051908,7933.66113163906
45,20230401,104,年齡,65歲及以上,100,48.7249873785636,0.26763017067796,3.70417968476698,0,1.13644011866517,8.48873420820695,10.8392120270388,0.998526464576767,6.54125431293033,0,0,0,0.209491691015558,7.57126847531722,1.60418324942149,3.32982759346163,2.86334634310347,0.920488211024621,2.80043007122953,368.911587338637,2829.4379110431
46,20230401,104,教育程度,小學及以下,100,28.3843644498695,0.711581767819554,12.4829393532451,0.209526878549137,1.39238301685296,26.5928683898919,5.89034351766732,4.2599167591483,6.20512969181811,0.0601031904372664,0.022250674846438,0,0.0297797339439871,4.76245821154076,0.796429529446319,0.991410641278817,2.24935614717705,0.809807029191132,4.1493510172763,3721.23646056284,28553.0521610227
47,20230401,104,教育程度,國(初)中,100,15.2557668446862,0.661839620200939,16.634004509073,0.273370940922359,1.20793168196517,30.4157929589983,5.76493503486549,7.32015357678074,8.92573517156757,0.0540968063234954,0.145877323010815,0,0.0225499258547305,2.89475087213633,0.868575525660996,1.02241599330868,2.49187039606932,1.22842350883756,4.81190930973843,7374.04985860354,56558.6104041407
48,20230401,104,教育程度,高級中等(高中、高職),100,6.85702035186234,0.625709723750392,19.6201494455901,0.494225358213697,0.918275989521739,17.1139258341047,10.6266361398519,7.50245603809112,12.5758267908915,0.569316551586825,1.09306099548592,0.481706086985396,0.53027492247154,3.11556582827903,2.7805662533783,1.73362894246573,3.7042559938873,1.84490981889508,7.81248893468767,12913.1120802994,99061.3899145957
49,20230401,104,教育程度,專科,100,2.08484347305754,0.362525946257703,9.59340795395734,0.507251808289111,0.524975047164141,4.75572914138154,8.40852606952879,3.5085468535507,5.81083845475534,1.13628047914963,2.35440877492212,0.424711244621797,2.44676351206464,2.80798605627463,18.5123214706751,4.63342225020913,26.527670232779,1.84882456784778,3.750966663514,2166.06838242641,16615.8388306548
50,20230401,104,教育程度,大學及以上,99.9999999999999,1.55638705309425,0.200913593738362,13.2636030382753,0.172118883608175,0.426925018101942,3.25457482710512,12.6829073060392,3.07184318199198,10.605610157654,3.19757328562862,3.70862264607561,0.354335590279715,2.54599845753368,1.72118983653013,7.71101632818978,14.1186284717121,13.5020087830731,2.93881139672184,4.9669321446469,4770.90562926456,36606.3569676303
51,20230401,104,婚姻狀況,未婚,100.000000000001,5.68416722007375,0.529758642118963,17.4603314690034,0.459688614379929,0.622347480861938,15.2439200824001,12.6813429840518,4.75092938230311,13.6497465905704,1.46629579477519,1.79938801606964,0.354476338252748,1.20464879947405,2.48470020176458,2.49499797407011,3.51437010436666,7.09777061280689,2.26756514850873,6.23355454414872,11570.820539952,88764.9512560709
52,20230401,104,婚姻狀況,有配偶,100,12.4758848478043,0.571219140324483,16.2768844547408,0.249472702225919,1.1372736649886,20.3751458067876,6.52784916677495,7.26611062951333,7.70953492056313,0.494142772568059,0.941721463704847,0.262024167949248,0.593383598401658,3.34927422141241,5.18178687393689,3.8553226067774,5.88308272981198,1.26286318120544,5.58702305050905,16521.9608953421,126747.073925024
53,20230401,104,婚姻狀況,離婚或分居,99.9999999999998,12.5519875186576,0.707565320894384,14.0856788109442,0.354601994258504,1.21418879830186,23.7740484458599,8.55584079526958,5.29087397200931,10.1869366831271,0.102946572213253,0.713912377733115,0.19080480709282,0.216184083196936,2.88100213280797,2.9055452961856,2.08097710581389,5.29749457562557,2.72821602682442,6.16119468318386,2097.70106021027,16092.2136949969
54,20230401,104,婚姻狀況,喪偶,100,27.0005210460884,0.397508577362095,7.97330406302593,1.20899810462246,0.770979552077708,9.47630586277206,10.3947511282022,3.76192602120747,10.3359722324069,0.459567125458369,0.254578409451063,0,0.499241967997743,4.58899575256437,2.10348291988072,3.0389162477326,7.97876535756632,1.45244313338284,8.30374249820084,754.889915652455,5791.00940195153
55,20230401,104,個人每月收入,未滿1萬元,100,39.9406511949047,0.154385605928664,6.95837814156623,0,0.885034341419435,4.57567765389208,11.0463804903203,1.46379292861951,16.9434836345047,0.297958217064967,0.162451523395977,0,0.463043848588986,2.41848105892184,0.130623858367936,3.9888907978963,1.95420448917271,1.534587336574,7.08197487886165,1083.97157172886,8314.39433635557
56,20230401,104,個人每月收入,1萬元 ~ 未滿2萬元,100,32.9707134323678,0.208969489647519,9.43169732796721,0.0530667585852085,0.941990314028362,9.1866232883153,10.8992668918419,1.41190855847562,15.469577128852,0.144901817109253,0.641264818271448,0.123477257357782,0.216478550689938,3.72112350949703,0.572965266797041,3.53645198195795,2.61479358895024,1.95520297459857,5.89952704469001,4168.05846445077,31974.9069225037
57,20230401,104,個人每月收入,2萬元 ~ 未滿3萬元,100.000000000001,8.29184185374032,0.341684752476266,21.1706433490712,0.204481335975109,0.858587705130105,13.1499672568121,12.7590003905561,2.82875990632274,14.5406446625855,0.957110659009844,0.782612871240792,0.216804150687687,0.587885356559564,4.17812819633344,2.00401870482238,2.29512382521024,5.53462380833781,2.30026734840873,6.997813866721,12019.2515317261,92198.8918180396
58,20230401,104,個人每月收入,3萬元 ~ 未滿4萬元,100,3.23140831333267,0.762711542538849,17.6429733709789,0.717747730088668,1.30524113641355,28.4012529435405,6.45267607159119,8.69857706639749,4.71664490995489,0.858248575005341,1.80424659071141,0.438695094586649,1.36132935562446,2.32683672921584,2.4164056523566,3.311630282628,8.54050143432442,1.22867223359421,5.78420096711628,8445.24592254678,64789.5543072801
59,20230401,104,個人每月收入,4萬元 ~ 未滿5萬元,100,1.48237163590211,1.27803921960029,11.8042428313538,0.592512743642884,0.781104637789177,29.8564806494329,2.43549366255251,14.7930981396086,3.01666779137856,1.14605385223205,1.97904789676965,0.397395807904083,0.844344547466127,1.14650621634554,8.91560254866541,4.01460522132708,10.2112722369829,0.742058804335948,4.56310155671065,3109.41373967579,23857.2421990346
60,20230401,104,個人每月收入,5萬元 ~ 未滿6萬元,99.9999999999998,2.63733163747395,0.888552037234415,10.1327792864456,0.145583835989586,0.185082481357639,19.5432939617478,3.54132125420088,15.192299353825,3.47786620077205,1.35047554553464,2.52646402213721,0.56683075230383,0.456613075237735,1.00806029799229,16.4690283131598,10.840858120537,6.64929432996532,1.59987180460152,2.78839368948362,1357.92927951186,10418.3466374845
61,20230401,104,個人每月收入,6萬元 ~ 未滿7萬元,99.9999999999999,1.8692340158342,0.951311620682299,5.90969880307099,0.682663259199095,0.456739518399816,13.419427163857,4.29732241965675,10.5751263163328,2.78797617488095,0.53664540417248,1.00770725295344,0,1.05781681191873,0.497897057795761,39.4848832583196,11.2326363861322,3.22215853636734,1.31717663767414,0.693579362752391,463.575452958318,3555.26275731447
62,20230401,104,個人每月收入,7萬元及以上,100,6.35023388088644,0.480452588890081,10.1194270528468,0,0,11.0014015441171,2.56593632841454,8.35341242462196,5.56160538985988,1.2353665072919,1.75777640194054,0,2.91885971494186,1.44857320248225,22.6484464923514,13.3923524319218,8.45340126998677,3.34132615440732,0.371428615039402,297.926448558202,2286.6493000309
63,20230401,106,總計,-,99.9999999999971,10.55598340304,0.33232342863026,16.0504762928908,0.388144552467305,1.33846954162585,15.8231050889701,9.96486045602096,5.82811336492657,10.3795664998273,0.839026187031664,0.925674088488695,0.18679688923219,0.779253975906545,3.35838409742255,4.22771577319513,4.02715527196042,6.6755534899342,1.97746775274675,6.34192984567988,28985.9717949819,248676.461122412
64,20230401,106,性別,男,99.9999999999994,12.7435582331148,0.530609570832038,14.5594557257285,0.604985587169276,1.71952050306354,26.0592582276495,6.20117896715978,9.52738215718385,6.42125991585377,0.772594337301026,0.438076984805055,0.215192729614442,0.683519402826707,3.56306562590668,5.17678029162254,2.70033544064842,1.53530553001418,1.68427504797881,4.8636457215264,15420.5741519573,132297.179049921
65,20230401,106,性別,女,99.9999999999997,8.06920075731774,0.106916493728856,17.7454327441448,0.1416448604047,0.905299939831431,4.18689149103139,14.2433233830278,1.62287324789104,14.8792745711345,0.914544321891469,1.47996279161101,0.154517178338435,0.888082744485196,3.12570704064891,3.14884197118894,5.53545226146037,12.5188641944204,2.31076219371665,8.02240781372594,13565.3976430254,116379.282072483
66,20230401,106,年齡,15 ~ 19歲,100,5.9910533965585,0,12.85601031541,0,0.231213237111024,13.0822286529291,16.882070000115,3.89181073605091,31.5581113546182,0.321372550347174,0,0,0,1.19801300059291,0.223060144862487,1.4510912697531,1.07884198067062,2.47067547327708,8.76444788770433,818.392662506614,7017.03718476257
67,20230401,106,年齡,20 ~ 24歲,100.000000000001,2.8529238803065,0.101868761125956,13.0386707279781,0.333233370196127,0.400813509981638,10.2650839560293,18.0559472263195,4.11258674579535,19.5278057477384,1.17504755274538,0.664131038693311,0.178647079905463,0.575257545938662,1.99647165315373,2.05806957879498,3.90444874480245,9.32308196014833,3.41614588768867,8.01976503265896,2909.22259272875,24958.9535123851
68,20230401,106,年齡,25 ~ 29歲,99.9999999999983,5.48475612453116,0.150659717698278,17.6116973751756,0.135669443739546,0.718828411614966,9.95307588051523,14.2602576627727,5.30047441462592,13.1822904651496,1.79973167494398,1.52518169178844,0.292251237485143,1.78613852746239,2.09376430843376,3.37166796617695,4.36133156271092,8.54574646975646,3.07096071382382,6.35551635159336,3775.03134001908,32389.8028712276
69,20230401,106,年齡,30 ~ 34歲,100,5.1174822680527,0.352017859866597,21.4717020078984,0.290059861396657,1.39483797666294,14.422543107815,11.0421135218255,5.57139812648571,9.36657559796702,0.925566499700364,1.38280003451638,0.206190511028322,0.997134441460938,2.74091179477028,3.26940947971835,3.74873353356296,9.19562240120131,2.6413013483286,5.86359962774233,3611.65743760245,30986.2157069288
70,20230401,106,年齡,35 ~ 39歲,99.9999999999999,7.69130925463339,0.274184396566991,20.9376006135057,0.756133087539524,1.43508948360607,17.3227515970388,8.81099250033032,6.91915732849736,7.06273660734151,0.949942733452107,0.93789690318488,0.205280833717922,0.867531308361145,3.00472754413452,3.60576710372627,3.78199736423109,7.46135023155098,1.44426663193875,6.5312844766425,3975.56100725478,34112.0140917137
71,20230401,106,年齡,40 ~ 44歲,100.000000000001,8.6756242789435,0.38982097354814,17.7891304302777,0.329278455838967,1.21169490859955,17.7918217249099,7.80432095079181,6.78629137043759,7.11254584527075,0.813106407340887,0.829885723370798,0.342597014326785,0.727461701766591,4.23502023821841,5.28034086674159,4.61538316965917,6.49967054470597,1.53505422586196,7.23095116939132,3559.98865103382,30532.6938683857
72,20230401,106,年齡,45 ~ 49歲,99.9999999999998,11.1881245392009,0.499535737076435,15.1370944129732,0.659994219881711,1.19144714208984,18.5604953966592,7.28941674764482,6.62010311174291,7.00283063716126,0.546912104457665,1.36247771528945,0.233483738746316,0.42010157717464,3.74521888764135,7.64305542160635,5.94443890209215,5.53941625153149,1.32814043096381,5.08771302606636,3357.54684198488,28802.5823342789
73,20230401,106,年齡,50 ~ 54歲,99.9999999999995,15.1488285988393,0.519967702823439,12.6608194906453,0.3644426820545,2.01862723533667,21.9460773278088,5.70585389873554,6.48838831255275,9.24401210152264,0.167681679697678,0.446048097984055,0.0764781228297819,0.67406430383673,4.23474183706783,5.65545318947066,2.91973965570371,4.25840672779719,1.2666302072818,6.20373882801112,2972.34533408606,25500.554219514
74,20230401,106,年齡,55 ~ 59歲,99.9999999999996,21.0900461331831,0.489344032645235,11.007492277522,0.254475416150681,2.13312236722909,20.4092431161789,5.48609524873837,5.94195944414962,8.28756504893441,0.401708257377126,0.621176652736865,0,0.401227737543477,4.87214221539567,4.491085479104,3.71313325977854,4.46727605518525,1.17348698347601,4.75942027467134,2236.95673256164,19191.8346104968
75,20230401,106,年齡,60 ~ 64歲,99.9999999999993,28.8647156906092,0.503142796054602,8.53636967849604,0.419958221839787,3.20963656855901,15.3577527134667,5.91315788723002,5.23332910487016,7.71839220879169,0.197306020058649,0.14087287023377,0,0.176798627711803,6.23475630448816,3.97872060371304,3.86259345769462,3.40424415007037,0.952602285982882,5.29565081012874,1239.20380576501,10635.1016114316
76,20230401,106,年齡,65歲及以上,100,50.1168277581166,0.146362637877991,4.77144723342786,0.29077618848176,1.73634035055243,7.50729835672561,9.31648753064979,1.31528126788849,4.05599657011658,0.664472557085548,0,0,0,3.66859303951918,2.37389111607896,1.85968550778165,3.29710125897729,1.86727082770595,7.01216779901457,530.065389439823,4549.67111127877
77,20230401,106,教育程度,小學及以下,99.9999999999994,30.0546506869505,0.641530480211062,11.34381734964,0.0882002054439432,2.16489769311692,22.9271180652552,6.89316361224702,3.99902517792356,7.07459331721199,0.0326015865564505,0.124267899263773,0,0,5.27262896899232,1.60461117080476,1.01873473049009,2.48742483822309,0.685827875250961,3.58690634241776,2933.30188193989,25186.0668209406
78,20230401,106,教育程度,國(初)中,100,16.1941904617297,0.493796686983926,16.2765641168616,0.261286324375729,2.09673394289449,29.1097705695411,6.15519701025635,6.51351180592723,7.69577471082411,0.158636474532934,0.10301711553481,0.0451184570876816,0.0907779298369828,3.53267305989825,0.994236985986026,1.13145203560344,2.78858776630071,1.12234036007956,5.23633418574581,6140.95480318334,52672.0161383316
79,20230401,106,教育程度,高級中等(高中、高職),100,8.26185982834297,0.308143192195218,19.2988869426204,0.488848870023652,1.33153626471264,15.1136041664991,11.261244001067,7.40145104932953,12.635749873289,0.465474217635633,0.627372856300085,0.189348665588522,0.539402181548556,3.5905405037927,3.01992827663792,1.54439028461593,4.19552458681527,2.0423717093519,7.68432252963401,12107.9709400446,103873.270471118
80,20230401,106,教育程度,專科,100,2.87374802373723,0.0537959562003323,11.6731570889847,0.552480920437075,0.525500259174793,4.80728183568051,9.9678355573653,4.68940705019378,8.63531570563235,0.564577630233722,2.0385244897481,0.36044722948559,1.06355775799401,2.67423965989461,13.8096138574619,4.1310632954401,23.9923529319601,1.39009030181159,6.19701044856429,2244.5871799139,19257.7561910922
81,20230401,106,教育程度,大學及以上,100,2.12964553429198,0.155812532726991,12.9785513007248,0.400958442565043,0.407873866886152,3.38963235882915,12.9700540673708,3.06988547936775,10.8793470461926,2.94095650569668,2.45794190703705,0.366257271459709,2.35889509949326,1.9254630700723,7.94590328462323,14.1804700777755,11.5897039594121,3.69998735192577,6.15266084354955,5559.15698990126,47687.3515009196
82,20230401,106,婚姻狀況,未婚,100,5.8985736316076,0.252918051397692,15.5684814056337,0.238403161435222,0.876229339406206,13.0805126635905,13.6168164947148,4.60181410735698,15.0526080224824,1.40854184040669,1.13281964462732,0.265629649321812,1.23067635741235,2.84569548712892,2.84260876317496,3.92079601639439,6.86709647641991,2.9950147296517,7.30476415783716,10365.3166693062,88928.1335853862
83,20230401,106,婚姻狀況,有配偶,100,13.1490461854917,0.402596755494056,16.7602233439253,0.437092586941896,1.54301645609235,17.1874570593583,7.48384244011903,6.82593435049612,7.37469670619846,0.581671208105302,0.871290910259523,0.149222667757053,0.529644235034316,3.40414407858928,5.44683350371982,4.33052811385624,6.76322680741355,1.19268928600264,5.56684330514549,15411.8576597152,132211.230471968
84,20230401,106,婚姻狀況,離婚或分居,100,9.18695180451925,0.297143244149852,14.6898290202068,0.869571972703777,1.51825620219862,21.0916001814036,10.0392072097227,6.25390444534326,9.73551512375785,0.279670251593109,0.551634413793548,0.15380345348403,0.709988834556145,4.45416336515763,3.09485007674463,2.58757384565319,5.03219062909309,2.61045551316415,6.84369041275485,2349.87609985244,20162.9276527176
85,20230401,106,婚姻狀況,喪偶,99.9999999999999,23.9739585944845,0.126169295114795,12.8583889697855,0,2.75391488699209,10.030274706832,10.2032279160403,1.56243555217384,9.66065615804137,0.114538842998492,0.425378303181786,0,0,5.72452714800618,2.17132350716306,3.806819883377,7.28715443712329,2.04596181600407,7.25526998268163,858.921366109218,7374.16941232908
86,20230401,106,個人每月收入,未滿1萬元,100,34.8003307452473,0,7.48752980155508,0,1.92773293957358,7.35189740811911,9.44770106383528,0.823040981596223,14.6905816069848,0.276340040783261,0.104055180915277,0,0.0730487920829949,4.19910096805118,0.182698184909292,6.56664390985936,2.37332382512333,1.96531403600033,7.73066051536359,930.803914036471,7976.91249217853
87,20230401,106,個人每月收入,1萬元 ~ 未滿2萬元,99.9999999999997,34.3408256752213,0.0375256817126658,7.43227833972891,0.0287397587375571,0.557353269795966,9.35982206993025,12.0708717399185,1.60448629419583,15.4189996537227,0.315466690325777,0.330659166646265,0.0575273509978403,0.243091612346559,3.18401075477005,0.458530127865964,3.00339915768879,2.35422241283697,1.35382909139626,7.84836115216154,3262.73142322148,27973.5026242376
88,20230401,106,個人每月收入,2萬元 ~ 未滿3萬元,100,10.0036880264569,0.24503885131682,20.1477752029945,0.161901614939517,1.39268390733647,10.9899428412857,13.1857055126344,3.13164956668438,14.2336874191788,0.5695484633185,0.621406533537191,0.113196481645408,0.580437165419047,4.30730074530286,2.305350959547,2.69602525636528,6.43764083753411,2.47466007286609,6.40236054163707,11346.0205410735,97363.2698116598
89,20230401,106,個人每月收入,3萬元 ~ 未滿4萬元,99.9999999999999,4.04785610374374,0.452615553391466,16.4955063952808,0.527236910050022,1.57946610191418,22.9393999277115,7.73552485247159,7.49270425581263,6.47557885980094,1.32288334909903,1.28242409151008,0.218451933287776,1.10950101869913,3.08770660553473,3.67455453065499,3.88166627680484,9.13418425864697,1.72354471697797,6.81919425860748,8195.28012841303,70314.1146423339
90,20230401,106,個人每月收入,4萬元 ~ 未滿5萬元,100,2.06451322201854,0.77488697978219,14.8024449044555,0.963313487066647,1.62333098207497,25.7792764255884,5.56778008974983,12.7516654572985,3.736751254804,1.30338843088689,1.15463246435771,0.39002290927524,0.980171077039487,1.63089158592539,7.77475002639243,5.23313136083579,7.44744907565728,1.37844319246841,4.643157074323,3034.41835227345,26034.9179037476
91,20230401,106,個人每月收入,5萬元 ~ 未滿6萬元,100,4.31800133527318,0.514815954855325,12.0602330708072,0.909968835546975,0.995501769653766,13.980354291894,4.71743965897306,12.6692624268092,4.57421103192035,0.835198511548985,2.51688791644064,0.413462791266678,1.22701080729578,1.617094412444,16.6456522817217,9.53206115440264,6.65998254267495,1.98734173689054,3.82551946958129,1299.05630012832,11145.9483733142
92,20230401,106,個人每月收入,6萬元 ~ 未滿7萬元,99.9999999999999,3.08329826538566,0,12.4656340472029,0.882419190023036,0,14.2909429092422,4.83626953580679,13.0174881628897,3.31798882774723,0.574807185212088,0.955046395569906,0.569217795723031,1.5645890324439,1.79505005163141,22.3412645289887,11.9606230814779,3.40458859627068,1.76453935749026,3.17623303689452,534.374670282295,4582.05775022045
93,20230401,106,個人每月收入,7萬元及以上,100,3.70754683467877,0,7.71068516031016,1.1000017478544,0.571312545705739,11.8663070683833,5.35850465425466,10.1105492313552,8.53284185754656,0.997231889396294,2.11577393255917,0.330941169823207,1.67528057211017,2.25435610433444,19.3989368756175,9.82074141010634,6.85947643350433,3.02721675866477,4.56229575379515,383.286465554362,3285.73752471018
94,20230401,108,總計,-,100,9.13650254570757,0.394264231242573,15.335442629302,0.391565771581172,1.20823531339236,14.3960895464564,9.90064849768077,6.1487294591805,10.6513985249063,0.921138480131145,1.10318813371639,0.214431169522055,1.28793624696303,3.20991414079599,4.45583151588863,4.67199740947872,7.89472923366637,2.26766985117031,6.41028729921774,28236.1881145839,259407.25
95,20230401,108,性別,男,100,11.3928242261015,0.662645172090901,15.1632053482566,0.62861148057596,1.66581122523129,23.3049841881309,6.26918994295217,9.75019270428033,7.1993215337605,0.952759396518261,0.738623088824256,0.201442660588433,1.28279422126315,3.53711236085279,4.99688177799363,2.67596798257475,2.08617330691583,2.47158186758502,5.01987751550373,14793.5586796913,135894.75
96,20230401,108,性別,女,100,6.65398239044631,0.0989778362513916,15.5249468677259,0.130755996356644,0.704786964882097,4.59406942617144,13.8961643558344,2.18621597004352,14.4495496407246,0.886347535674527,1.50430118409068,0.228721789292582,1.29359376581318,2.84991397631819,3.86054043113045,6.86813075599636,14.2855986236211,2.04331545390143,7.94008703572513,13442.6294348924,123512.5
97,20230401,108,年齡,15 ~ 24歲,100,3.58354021645654,0.0640932028752698,10.323062194746,0.408087101851401,0.298560742507586,10.0975190251343,18.1189050609291,5.51526067273524,22.686559898749,0.819419429164841,1.25590225380908,0.134676856674617,0.839702088302585,2.27409174252381,2.03556767106395,4.46056239757257,7.22143795940223,2.95640039591751,6.90665108958445,3351.84674071953,30814.5
98,20230401,108,年齡,15 ~ 19歲,100,4.26068077847561,0,9.03698534542917,0.217104753043343,0.151197953012328,11.0645886640304,18.8493448088703,5.90059703807087,33.5620686981469,0,0.189966658912926,0,0.631929906179732,1.55462510661394,0.12793672947197,1.73296115375669,1.13204621229743,3.48142978987361,8.10653640381484,701.534629286628,6448.5
99,20230401,108,年齡,20 ~ 24歲,100,3.40433390790446,0.0810555692358204,10.6634244438972,0.458630879093819,0.337560535171961,9.84158253303784,17.9255930394812,5.41328080111631,19.8083394894525,1.03628006238201,1.5380037757531,0.170319297381597,0.894689321185258,2.46449971271444,2.54042518263154,5.18242633177378,8.83300500697693,2.81745054584257,6.58909956496758,2650.31211143291,24366
100,20230401,108,年齡,25 ~ 34歲,100,4.11463858160327,0.326943476284285,16.7411729049856,0.36255493256554,0.936126685861494,10.9872707986058,12.9201394150629,6.46954083952114,10.5235641763904,1.59721169874223,1.70934990150023,0.261403242915593,1.98287619336263,3.02735262918624,4.02295802394302,5.34399151386574,9.30784967419306,3.0534929534778,6.31156235793302,7181.29927955121,65990
101,20230401,108,年齡,25 ~ 29歲,100,3.20075361105296,0.221198799804619,15.5327611471635,0.341218337868955,0.942013816202638,11.2148489288954,13.6919963715023,5.8935175493685,11.6028190635685,1.72981648175284,1.82960016746912,0.36773428232503,2.2503663387063,2.73253785499965,3.96064475612309,5.89002860930849,9.3203544763101,2.88674900565208,6.39104040192589,3897.52249076213,35827.5
102,20230401,108,年齡,30 ~ 34歲,100,5.20016576875259,0.452548694571073,18.1765437215085,0.38789888106092,0.929133858267717,10.7169498549523,12.0033153750518,7.15375051802735,9.24160795690012,1.43970161624534,1.56651471197679,0.135101533360961,1.66514711976792,3.37753833402404,4.09697472026523,4.69539991711562,9.29299627020307,3.25155408205553,6.21715706589308,3283.77678878912,30162.5
103,20230401,108,年齡,35 ~ 44歲,100,7.03752345902125,0.377905168850078,19.8072793388672,0.448145045344962,1.53174147335458,14.7829331733425,8.21696805183118,6.33475886138234,8.62779816278823,1.01079572268419,0.861535985132559,0.304006965454419,1.75819190851256,3.09677372150621,4.50596124368481,4.31133825256357,8.99911834321691,1.65210042839008,6.33512469407241,7439.00403212943,68337.25
104,20230401,108,年齡,35 ~ 39歲,100,5.43180984165011,0.43343696123301,20.7648154430958,0.47498043994544,1.88884349879178,13.5120164512176,8.86676313985612,6.13735658844953,8.22283921981347,1.0711293594688,1.03235544600386,0.444515222222992,1.85145436795059,3.10260546850658,4.53724026670913,4.28590222049894,9.46083488544386,1.62504240896785,6.85605877017455,3929.64831367694,36106.75
105,20230401,108,年齡,40 ~ 44歲,100,8.83635066164037,0.315694761173423,18.7345837017732,0.418082251283722,1.13169203084035,16.2066986239742,7.4890243713253,6.55590201827462,9.081460107662,0.943205969500939,0.670172662540141,0.146600269930656,1.65371309784211,3.09024061060176,4.47092040148307,4.33983338762973,8.48187276027365,1.68241262158514,5.75153969066567,3509.35571845226,32230.5
106,20230401,108,年齡,45 ~ 54歲,100,10.7712996896277,0.645235985376432,14.2072147090649,0.380729308141373,1.08073687819779,18.150768806024,6.62958823346054,6.77609109004359,8.61160712297779,0.581113154531569,0.986333821676189,0.223539313084175,0.66839145207041,3.31034114236604,6.89765729018698,4.92320845708891,6.79256709519123,1.53761204796744,6.82596440292293,6111.76253451712,56142.25
107,20230401,108,年齡,45 ~ 49歲,100,9.47908565245325,0.556250634024279,14.5174652554695,0.542724782741014,1.27481148344774,16.9817062861394,7.15010313461604,7.04358705576032,8.65316335846887,0.704189632434991,1.05670713150509,0.269671659960099,0.825076928279174,2.68319074831772,7.57278598721807,5.49741318094208,6.68768809386941,1.3280695228756,7.17630947147736,3218.31207756378,29573
108,20230401,108,年齡,50 ~ 54歲,100,12.2096032067145,0.744281453183662,13.861889214035,0.200419658063363,0.864721435494039,19.4519980804878,6.05022723637287,6.47835373599179,8.56535280446381,0.444122434769517,0.908004554136831,0.172191537209368,0.493992114944908,4.00839316126725,6.14620284727646,4.2840878082746,6.90930304769612,1.77084411490727,6.4360115547108,2893.45045695342,26569.25
109,20230401,108,年齡,55 ~ 64歲,100,20.2597721620045,0.512021371326803,11.4540792827095,0.401480025792981,2.07418552522492,19.0200202659133,5.70823225964934,5.18623146129518,8.19925077532472,0.157367887739122,0.627168606257868,0.0276353363834556,0.604906807504529,4.26582123007953,3.69852918598581,3.86817944545092,5.97153560352504,2.44265667700433,5.52092609082814,3546.57818491783,32567
110,20230401,108,年齡,55 ~ 59歲,100,15.4057084359081,0.342457406098423,12.327247909913,0.398518049089624,1.8829063787262,21.6138152923684,5.84980622516879,5.66090623248105,9.31825383284179,0.164525800082872,0.639822555877837,0.0438735466887659,0.435079337996929,3.97664952348453,3.81821727155288,4.28742047919663,5.85711848295025,2.55929022351135,5.41838301606259,2234.36119679673,20513.5
111,20230401,108,年齡,60 ~ 64歲,100,28.5207616045132,0.800597336873107,9.96805906997967,0.406520927531422,2.39971792425437,14.6057161820218,5.46729165802464,4.37839631642262,6.29485211764218,0.145186045546937,0.605633218567221,0,0.893931223296138,4.75795412120961,3.49483552495126,3.15468536109844,6.16625876301489,2.24416144688265,5.69544115816983,1312.21698812113,12053.5
112,20230401,108,年齡,65歲及以上,100,43.6760404949381,0,5.58830146231721,0,1.71878515185602,8.92238470191226,6.7941507311586,2.86614173228346,5.29583802024747,0.265466816647919,0,0,0,4.75590551181102,2.16872890888639,4.47244094488189,3.67154105736783,3.03712035995501,6.76715410573678,605.697342748448,5556.25
113,20230401,108,教育程度,小學及以下,100,30.6284431215895,0.519568679668938,12.0440719563458,0.229759014124958,1.35505600375969,21.5346857784392,5.19438134774549,3.40461084566983,7.33531761572805,0,0.0574397535312394,0,0.0404689172606459,4.10563692853972,0.88248348607086,1.33416882065742,3.55865382104906,1.81849037884128,5.9567635309783,2092.76030041624,19150.5
114,20230401,108,教育程度,國(初)中,100,15.5699317764094,0.599163040882234,14.9406548218606,0.208201368625456,1.43664136405645,26.3569433339218,7.60791684406185,7.30781611821269,9.45213445343247,0.138108638539579,0.107475519465011,0.0467284867239177,0.218066271378283,3.08615694541074,1.02283465384575,0.972471729265532,3.56226830458666,0.988047891506838,6.37843843781477,5239.9004913375,48150.5
115,20230401,108,教育程度,高級中等(高中、高職),100,7.85939845270598,0.465658000810615,18.8474574761381,0.499507841137355,1.4417359623376,15.6479794763073,10.8357347419618,7.67567399040624,12.0650184169855,0.607515555337808,0.708842380000089,0.253428409814672,0.843573652353232,3.53753101046227,2.82557088201104,1.73035039038665,4.73452371938482,1.97487094748375,7.44562869397517,12218.6175160166,112260.5
116,20230401,108,教育程度,專科,100,3.55302065193254,0.106356868199296,11.0015076962635,0.314395577424294,0.96539311134746,4.71359614777761,8.68269421816014,3.7996283353397,8.96085833498907,0.833323593693388,2.06636201072919,0.638141209195778,1.80105421862765,3.06681782587861,12.8095744556515,4.108180128797,25.2883907387712,2.59814635172567,4.69255852549643,2325.8369828459,21390.25
117,20230401,108,教育程度,大學及以上,100,1.29200845087289,0.15268024394625,11.5801763734807,0.416556183763718,0.612431678798402,3.34399671545021,11.9809085543704,4.02015208149789,10.6294531737818,2.50233083285576,2.67083507967599,0.192881764761229,3.24349291341277,2.44160087587994,8.52828219756909,14.6684229884271,12.5882081241286,3.91023941288673,5.22534235444056,6359.07282396727,58455.5
118,20230401,108,婚姻狀況,未婚,100,5.15492883777113,0.279397090488945,14.0554592720971,0.377343626910351,0.837928680216375,12.01144897852,13.1650123417888,5.54750275720813,14.1478913922588,1.58473819652329,1.50596082138543,0.190378656583163,1.94501339215377,2.96701853894228,3.82096528543669,5.23186807415577,7.70048841972586,2.95809043642666,6.51856520140749,10364.1211785571,95205
119,20230401,108,婚姻狀況,有配偶,100,11.1408517063435,0.473376293344908,16.4744966667038,0.410494411117665,1.45629987423624,15.4372238483712,7.62261967034312,6.80552618594488,8.14218354089919,0.531806360901196,0.9434137256866,0.218138918876807,0.95547072375377,3.09067233531068,5.33902423642104,4.84969560717187,8.4161556354409,1.73008647649998,5.96246378263273,14671.2641052692,134776.5
120,20230401,108,婚姻狀況,離婚或分居,100,9.87323031368557,0.385167021375035,14.548440825391,0.477699639122791,1.12658462107893,19.377486814102,10.1242250393264,5.96372721384288,10.6979272693625,0.718284445266957,0.724067733876191,0.301887665402054,0.932266123808643,4.25187378550939,2.50879059868604,1.77546960303507,5.2176829832516,2.26936245026372,8.7258258536134,2350.99905936691,21614
121,20230401,108,婚姻狀況,喪偶,100,21.0420200339233,0.454443626588152,13.4604922072519,0,1.66736006656639,11.7131244599482,8.80084488110859,2.65625500048005,11.2010753032291,0.112010753032291,0,0.201619355458124,0,5.34451307325503,2.34262489198963,2.79706851857778,8.67283259192883,3.12349985598617,6.41021538067654,849.803771390404,7811.75
122,20230401,108,個人每月收入,未滿1萬元,100,26.5953809331385,0,6.08622672593329,0.139877529451991,1.85570855739641,5.11951757794287,12.6418202729166,1.71272263840104,21.0158217027758,0.124335581735103,0.121227192191725,0.195828541232787,0.6931708681732,2.85039321127724,0.282863448447359,7.21457213017935,3.51558857356004,1.79664915607224,8.03829535917441,873.688742621998,8042.75
123,20230401,108,個人每月收入,1萬元 ~ 未滿2萬元,100,31.4447749267513,0.0410636597709314,5.62239190269022,0.156485838586522,0.471677173044482,9.49236437893989,10.9384711000622,1.79237325756903,18.626254106366,0.0776880049720323,0.104323892391015,0.0610405753351682,0.407307111781941,3.11750865666341,0.197549498357454,3.88440024860162,2.97545059042884,2.1597265382225,8.42914853946551,2455.70543576415,22526
124,20230401,108,個人每月收入,2萬元 ~ 未滿3萬元,100,10.0730957328464,0.178410259639401,17.6573683437231,0.123837709632055,0.958430409504019,9.03884096299561,13.7005961001616,3.45564930839788,14.7222572046261,0.629945637344416,0.956856201330731,0.209894423105178,0.841676636651764,4.15538484142476,3.23709674033961,3.52543920408035,7.0763281069622,2.35606489935562,7.10282727787923,10374.1187425828,95286
125,20230401,108,個人每月收入,3萬元 ~ 未滿4萬元,100,4.24370709013528,0.529013592620873,17.4078333961577,0.450724735734836,1.49586486634513,19.7822732120017,8.29281965533572,6.86074570941625,6.90101775513952,1.31157998511545,1.46815769888752,0.257741092628927,1.56158884496551,3.39541671902033,3.53266385084523,4.24209620830635,10.1585429896034,2.10703343224148,6.00117916549878,8442.64490412077,77597.25
126,20230401,108,個人每月收入,4萬元 ~ 未滿5萬元,100,2.3729231148273,0.833063857963382,15.0890808580096,0.823824702422199,1.52600052355215,23.5760151522151,5.40644585084923,11.7160191558492,4.61726798170647,1.24189649066075,1.14796507599205,0.119339092406954,2.10267781524769,1.34198734235691,5.85146517608291,5.00762230332148,9.55405675921221,2.15965260775165,5.51269613957284,3532.89321134738,32470.5
127,20230401,108,個人每月收入,5萬元 ~ 未滿6萬元,100,3.35853530543624,0.93681366737284,13.4244232376436,1.42076927562147,1.86779654428485,15.0784241316981,4.29534897280908,13.1562068764456,4.05239937027463,1.72202678276418,1.4499232279256,0.141882567880119,1.55487745622048,1.66760607179647,11.7179452294416,8.59264154243844,8.72480612621718,2.28178266700356,4.55579094672601,1400.69798474243,12862.75
128,20230401,108,個人每月收入,6萬元 ~ 未滿7萬元,100,3.69735846049643,0.50599625483087,11.5422925216144,0.502012032351887,0.131479341806446,13.2276186302243,3.60173712100084,14.2794533646759,2.44232837961672,1.62954699390414,1.33471453045938,0.657396709032232,2.79293995776724,1.1394876289892,22.10048209092,12.9925495039643,3.78102713255508,1.07574006932547,2.5658392764652,683.528056608986,6274.75
129,20230401,108,個人每月收入,7萬元及以上,100,3.51371556731267,0.235781241014434,7.8612916211398,0.454310196100983,1.39743516015872,9.35073897291391,4.10604405083674,9.19546839956294,4.31307148197136,0.391051814365403,3.09390994306746,0.655586865259647,2.8006210822934,1.8229915463799,20.0529070101788,10.7366726091207,10.1040887917649,7.11369256426477,2.8006210822934,472.911036795234,4347.25
130,20230401,109,總計,-,100,8.3583030468747,0.411478093111397,15.0498065084555,0.488475955020337,1.1515500210771,14.7921342554088,9.54849441172114,6.25382141053247,10.5265856242808,1.08755919626005,1.116041759235,0.252735275464361,1.20158439003642,3.56981455952666,5.03410312206867,5.19540937038345,8.43112346621398,2.16685844925736,5.36412108507172,28154.6141611707,263319
131,20230401,109,性別,男,100,9.8775606094255,0.721311355055879,15.1073432432581,0.826296112076734,1.65277576393847,24.422170871869,5.77269331786705,10.3604537837644,7.13877993763318,1.15593356593942,0.651199157185307,0.24172189684697,1.27376610791038,3.66345410862986,5.66165174794114,3.00950185466953,1.962774460806,2.34215119640409,4.15846090877889,14563.8588107451,136210.25
132,20230401,109,性別,女,100,6.73026050527599,0.0794595179324791,14.9881499110014,0.126466509976693,0.61443449015115,4.47254811332815,13.5946581175568,1.85313756920747,14.1569718843117,1.01428894548959,1.61416896948479,0.26453725648313,1.12423416955953,3.46947004041815,4.36161947938281,7.53783669495609,15.3626323915545,1.97901403325892,6.65611140067069,13590.7553504259,127108.75
133,20230401,109,年齡,15 ~ 24歲,100,3.13305458502778,0.269202130706226,9.49408000785514,0.190650749101978,0.258564964447317,12.2049209167601,17.004737630203,4.51097673733564,22.2071301743677,0.811697609910566,0.94588955348449,0.110462880380974,0.722509062047409,2.87530786413884,2.96204168132686,5.52559874972384,8.08342811321218,2.71902334448872,5.97072324548125,3267.34120996124,30553.25
134,20230401,109,年齡,15 ~ 19歲,100,3.02147361698731,0,7.57563662489024,0.115749980043107,0.23549133870839,16.4764109523429,17.2307815119342,4.16699928155185,32.3421409754929,0.439051648439371,0,0,0,2.36688752295043,1.10960325696496,2.92568053005508,1.40496527500599,2.93765466592161,7.65147281871158,669.811245609987,6263.5
135,20230401,109,年齡,20 ~ 24歲,100,3.16182751983862,0.33862019987855,9.98878127605266,0.209965108739283,0.264514867382332,11.1034489856833,16.9464486048642,4.59967681841106,19.5936557601457,0.907790323078665,1.18980228285594,0.138947498430408,0.908819563807779,3.00641216974238,3.43972251669943,6.19602918926708,9.80557642627034,2.66264576621826,5.53731512263403,2597.52996435124,24289.75
136,20230401,109,年齡,25 ~ 34歲,100,3.86945560687662,0.43476216484069,16.2127947394501,0.559910009295664,0.94150242519161,11.7360465578917,11.6405580291746,6.49575184556901,11.0010742459481,1.7209637107421,1.74628263881102,0.288635779985749,2.32536269364459,3.36163024960846,4.73102255916491,5.71267357029439,8.72707280638616,3.2259931349535,5.26850723217095,7389.81806207189,69118.25
137,20230401,109,年齡,25 ~ 29歲,100,3.2184901177233,0.329409223458257,14.0437682255103,0.616967275083702,0.667593692623393,11.4901717248083,12.3332703315693,5.94016632465709,12.7821579004212,2.0864834215358,2.13238470677179,0.254482125499514,2.82157900421212,3.19418943730424,4.10276487741657,5.75656118371314,8.33243330813263,3.87730856463981,6.01981855491954,3959.54387899651,37036
138,20230401,109,年齡,30 ~ 34歲,100,4.62093525235917,0.556382423302605,18.7167358897833,0.494042655985787,1.25770480561681,12.0198863857741,10.8408855363947,7.13712411068426,8.94497736287199,1.29900490146421,1.30056339564713,0.328063025504757,1.75252670869406,3.55492523124157,5.45628813440454,5.66200936655004,9.18264772576736,2.47410951538623,4.40118757256739,3430.2741830754,32082.25
139,20230401,109,年齡,35 ~ 44歲,100,5.86187787271496,0.442248695167138,19.8722151190377,0.515413507963012,1.51183132975236,14.0827776550315,9.03947640072585,7.29402475288766,7.94019319857003,1.19707775391269,1.14818047803426,0.367272872153545,1.14492065964236,3.20512588332023,4.34497571435298,4.71587060694196,10.1391218049252,1.53682327075689,5.64057242410962,7379.88080342628,69022.25
140,20230401,109,年齡,35 ~ 39歲,100,4.8266965068459,0.30434131843225,21.2026827651583,0.519589745051781,0.983585525612425,13.2342145214286,9.36116832854607,7.2621397974384,8.31129769142499,1.23233287955354,1.4611234257286,0.487516303999202,1.15393113475834,2.84241962039301,4.37410461643728,4.50524935318561,9.66550964697833,1.77971960685089,6.4923772121765,3750.50057595734,35075.75
141,20230401,109,年齡,40 ~ 44歲,100,6.93149514677507,0.584743640728794,18.4974886954472,0.511098345926679,2.0576495367711,14.9595687331536,8.70708320445407,7.32697037986243,7.55674369964503,1.16064984608133,0.824827301783689,0.24302947284698,1.13561044584861,3.57989778033081,4.31487782245592,4.93349829879369,10.6284889458413,1.28584684724493,4.76043185600872,3629.38022746898,33946.5
142,20230401,109,年齡,45 ~ 54歲,100,10.0558932470108,0.481562342980884,14.122271480215,0.695441832338045,1.21257664756128,19.1077534649811,6.07444429128519,6.14203198854566,8.56407269234703,0.876861440774057,0.735460863610695,0.303255325866079,0.678100252119897,3.51144766622349,7.48845006291881,5.66447154869204,7.62184683382764,1.48292743660318,5.18113058209904,6011.66885160843,56223.25
143,20230401,109,年齡,45 ~ 49歲,100,8.87586860126906,0.476944870537548,14.8238489199588,0.661352377599517,1.05531386995918,17.6427691301833,6.74847654252689,6.48862960075775,9.1994199545687,1.16595837419636,0.702424958717865,0.196980746179831,0.916170023721511,3.51547765735409,8.44418739155581,5.59844427121315,6.85995926270526,1.59428672014484,5.03348672685057,3189.10031969614,29825.25
144,20230401,109,年齡,50 ~ 54歲,100,11.3891203879082,0.486779301462232,13.3296083036594,0.733957117963482,1.39025683763922,20.762936586105,5.31290249261308,5.75043563906357,7.84623835139026,0.550231078111978,0.772785817107357,0.423327524812486,0.409121903174483,3.50689446170164,6.40862944162437,5.73907114175316,8.48265020077279,1.35711038715054,5.34794302598682,2822.56853191234,26398
145,20230401,109,年齡,55 ~ 64歲,100,20.0462169326154,0.27941609587748,10.8458755918713,0.266578059039866,1.40916333758751,18.4414623279137,5.76276818281364,6.18415786254238,7.88330979693246,0.323216456852869,0.715154169718847,0,0.471986648441689,4.91394739425611,5.21224295607126,4.32792877155091,6.38730091603169,1.7912837281659,4.73799077171705,3539.77335837998,33104.75
146,20230401,109,年齡,55 ~ 59歲,100,16.1977321048902,0.226789510985117,11.0985116938342,0.163004961020553,1.28632175761871,19.2109614930309,5.66265060240964,7.05527994330262,8.65816206000473,0.420505551618238,0.81384360973305,0,0.494920859910229,5.24332624616112,5.08268367587999,4.56413890857548,7.07654145995748,2.1285140562249,4.6161115048429,2263.01891551578,21165
147,20230401,109,年齡,60 ~ 64歲,100,26.8682342595113,0.372704621118533,10.3980401599698,0.450176930002722,1.62691848656798,17.0774094934986,5.94024162984987,4.63996314830713,6.50976779245797,0.15075692539626,0.540212316003266,0,0.431332314328189,4.33007391277037,5.44190623756779,3.90921082937247,5.16551854100798,1.19349232605373,4.954040076216,1276.75444286419,11939.75
148,20230401,109,年齡,65歲及以上,100,38.5341450752749,0.608806456180093,5.20081174194157,0.113266317428855,2.09070744254094,10.2222851479541,6.40898579451602,1.21761291236019,8.01359195809146,0,0,0.155741186464675,0.155741186464675,7.2632026051253,2.75614705743546,3.23280947661522,5.68219359101421,2.9779602624003,5.36599178819199,566.131875723571,5297.25
149,20230401,109,教育程度,小學及以下,100,31.4707992538384,0.23819773281676,11.6042473812599,0.246807289424595,1.75491462189697,22.8196297890659,5.60195149949778,3.23719328454585,5.88750179365763,0,0,0.0487874874443966,0.314248816185966,5.76553307504664,1.41627206198881,0.899698665518726,3.43521308652604,1.3158272348974,3.94317692638829,1865.26762586393,17422.5
150,20230401,109,教育程度,國(初)中,100,15.941985178916,0.618636681931073,15.2165480274659,0.491181404627685,1.58638999299752,26.7021324829598,6.48560964428391,6.58938745900524,8.68761366441479,0.172795099269021,0.148110085087733,0.121409967707971,0.168261117072458,3.87000569266654,1.37631548455675,1.51031984725518,4.16320320804429,1.1803466985053,4.96974826323293,5305.71094317967,49625.25
151,20230401,109,教育程度,高級中等(高中、高職),100,6.87143310676869,0.538955536168266,17.5540517907273,0.578952236440494,1.24539725472649,17.2648256518837,10.7848602490295,8.49679901408134,11.9312656705822,0.512207742861214,0.801183902328058,0.229481067811906,0.468211372561764,3.70444438333837,3.60595250891801,1.85659683076146,5.60328772876238,1.83709843937875,6.11499551287019,10690.1058773228,100008.25
152,20230401,109,教育程度,專科,100,2.99075584556824,0.526262430761007,15.5961696205565,0.541930489119916,0.71980903401812,7.8902498594483,10.0404604565857,5.4856637266016,10.0450687090442,1.51335010737228,1.82302467258366,0.357600390779808,1.32625505755707,3.37047584814886,8.73724666132109,3.88107022055096,16.5933954525765,2.25988700564972,6.30132441175657,2902.53826469437,27125.25
153,20230401,109,教育程度,大學及以上,100,1.34731026103684,0.0770201517984025,11.9616273309444,0.395587070739213,0.721024331859223,3.35164219257931,10.7600406434979,3.83003496642572,11.1726227712068,2.68341101641289,2.27010569479047,0.390886310300813,3.1787988472289,2.68449580728329,9.18420110576349,14.2682543183717,13.6416067922372,3.52990949228171,4.55142089524175,7390.99145011046,69137.75
154,20230401,109,婚姻狀況,未婚,100,4.37460656629875,0.393747194237748,14.3609884308547,0.389734483978,0.606170043613145,12.8359077377594,12.352626945851,5.26818698226633,13.931879227453,1.80095452345304,1.41247401143121,0.243270559497207,2.03469489608334,3.16527601176727,4.40068918298711,5.70105810153662,8.07583019213358,3.04715185349595,5.60475305530267,10659.0789553994,99683.25
155,20230401,109,婚姻狀況,有配偶,100,10.4643996587839,0.471802695908037,16.0480558572304,0.560113037236901,1.5830098419057,15.8868425107194,7.47650381237622,7.12645665089607,7.87296087663985,0.712683243958257,0.874460273499006,0.272258903373455,0.739740029386675,3.53372891355733,5.81758465579635,5.27626105288474,8.82633677430507,1.56797829444547,4.88882291709726,14225.1221130596,133053.5
156,20230401,109,婚姻狀況,離婚或分居,100,8.3295498588118,0.280161674325896,13.805437129727,0.591329383755052,1.0054814240629,19.5836332428991,9.18553789934112,6.97303582304413,10.7956370079176,0.532639388738165,1.58020043186977,0.269088090360445,0.626764852444494,3.91008249820054,3.57898233763358,2.50484469298488,6.98521676540612,1.89026078290239,7.572116715575,2413.76795345226,22576.25
157,20230401,109,婚姻狀況,喪偶,100,23.0389707719211,0,10.545216087934,0.23732200849363,1.18348738446165,7.44441668748439,10.0924306769923,1.99537846615039,11.4695228578566,0,0.131151636272795,0,0.124906320259805,8.24693979515363,4.00324756432676,5.14301773669748,10.3641019235573,1.93917062203347,4.0407194604047,856.645139259946,8006
158,20230401,109,個人每月收入,未滿1萬元,100,33.0258723361123,0,6.44401084560221,0,1.46973114056205,5.38732483592226,9.91054912196234,1.2594075463092,17.4923345918962,0.641106859589996,0.108962825938221,0.0912246914831614,1.05415199047209,1.85997009857335,0.420647188505689,6.69234472797304,3.81116488862986,2.6885943795454,7.64260193092264,1054.9961350484,9865.75
159,20230401,109,個人每月收入,1萬元 ~ 未滿2萬元,100,28.4031030444965,0.258587041373927,5.44862412177986,0.0585480093676815,0.579381342701015,9.94828259172522,12.6000195160031,2.16627634660422,16.3922228727557,0.273224043715847,0.38422131147541,0.0707455113192818,0.570843091334895,2.88470921155347,2.36387587822014,4.46672521467603,4.81069476971116,2.27483411397346,6.04508196721311,2190.44149810612,20496
160,20230401,109,個人每月收入,2萬元 ~ 未滿3萬元,100,8.98170661109181,0.282084477985833,16.8248129085225,0.260507120527961,0.863094298314861,10.2847684907428,12.9124696075026,3.96654983317019,14.4470933720673,0.698632732324987,0.88309282473923,0.174723967707643,0.856515835675266,4.97068637047796,3.73998757986254,4.08338332964939,7.49997368614944,2.32798635889987,5.94193059458777,10160.7622779921,95007
161,20230401,109,個人每月收入,3萬元 ~ 未滿4萬元,100,3.57409121291583,0.589040567638439,16.8035631652013,0.543729754743174,1.53221245308242,18.3788369581984,8.49143914854234,6.9078101701887,7.67488045657874,1.40752737929971,1.44801789295079,0.409725435755052,1.66846624505116,3.66407013214047,3.59819270913672,4.46648927965448,11.0140624196617,2.32820453493753,5.4996400843231,8318.06187648028,77796
162,20230401,109,個人每月收入,4萬元 ~ 未滿5萬元,100,2.44542135459355,0.583414052604128,16.0345726845988,1.00067059086506,1.39557410029059,24.5831160122197,5.0942552715893,10.136353475896,4.95119588704269,1.71894791744281,0.825571864987706,0.265255942180165,1.18322032635422,1.74130094627822,6.82065419864392,5.91312122792638,9.63937113478876,1.46710379256389,4.20087921913419,3586.81547194956,33552.5
163,20230401,109,個人每月收入,5萬元 ~ 未滿6萬元,100,3.13122296230172,0.382819474009476,13.9669024239511,0.944173590606331,1.64972876467761,17.628579276248,3.29945752935522,14.9591430337156,5.08137059671771,2.33468378768111,2.77243699787132,0.38796951177642,0.695255098537389,1.00597404380965,11.3936002197349,7.38000412003021,7.70445649934766,1.68921238755751,3.593009682071,1556.95944560625,14563
164,20230401,109,個人每月收入,6萬元 ~ 未滿7萬元,100,2.41686942416869,0.697485806974858,12.7169505271695,0.308191403081914,0.385239253852393,13.9699918896999,3.06569343065693,12.0194647201946,2.45336577453366,0.369018653690187,1.71127331711273,0,1.96674776966748,1.67072181670722,20.4460665044607,15.3244120032441,7.36415247364152,1.0867802108678,2.02757502027575,659.105007498412,6165
165,20230401,109,個人每月收入,7萬元及以上,100,3.23473079378591,0.165992764417961,10.5767184507342,1.89827622898489,0.41285379868057,10.7937859118961,5.62247286656735,7.4271121515216,6.53756118323047,0.78740157480315,1.65992764417961,0.200042562247287,3.60502234517983,3.7199404128538,19.9021068312407,12.717599489253,5.69482868695467,2.48563524154075,2.55799106192807,627.4724484901,5873.75
166,20230401,110,總計,-,99.9999999999982,7.82686306328783,0.454500062414171,15.8153788540754,0.63974535014354,1.22993384096864,15.2967170141054,9.54662339283467,6.0590438147546,10.0480589189862,0.97927849207338,1.24141805018098,0.302459118711766,1.1661465484958,3.42866059168636,4.899388341031,4.78779178629375,8.40369491948553,2.13131943577577,5.74297840469344,21074.7637846523,267033.333333339
167,20230401,110,性別,男,99.9999999999997,9.37987213110788,0.80298763611752,15.6108821503245,1.11867151714386,1.52838375170713,24.7589465923786,6.37918323443031,9.77242237826467,6.32092916450126,1.06452665546706,0.788484548168378,0.319067934881134,1.03648735209871,3.79569983442307,5.83241681874764,2.60886380391824,2.14694045273806,2.0920704366638,4.64316360691796,10883.5891028995,137901.666666667
168,20230401,110,性別,女,100.000000000001,6.1683811097201,0.0823448934550014,16.0337639876613,0.128292827733968,0.911214651712084,5.19185843906095,12.9291808102842,2.09347048877762,14.028317350508,0.888240684572601,1.72511261115917,0.284722311852246,1.30461157216795,3.03669381380764,3.90299306908972,7.11470204829701,15.0853779733865,2.17323403761021,6.9174873191446,10191.1746817527,129131.666666666
169,20230401,110,年齡,15 ~ 24歲,100,3.46286681457423,0.149813590722994,11.2085725395119,0.633562818782736,0.5043343015942,11.422428581231,15.6435122709911,4.35488666773404,22.2570389515336,0.742206262436815,0.680451041833444,0.128084901992178,1.38034354200499,1.84922577251207,2.27579424075387,5.5419592415544,8.25461448731731,3.69845154502413,5.81185242789506,2301.1906596418,29147.3333333333
170,20230401,110,年齡,15 ~ 19歲,100,3.51478533666415,0,8.2844361819555,1.22000813338756,0.662290129553245,13.6699006564806,14.8143844768489,4.29907627955615,37.6750130715157,0,0,0,0.528670191134608,2.9803055829896,0.644861441933423,1.35943763434613,1.41753325974554,3.35792714808575,5.57137047580317,452.961113586175,5737.66666666666
171,20230401,110,年齡,20 ~ 24歲,99.9999999999998,3.45014167936322,0.186532628970938,11.9252730353557,0.489826140198492,0.465619615828218,10.8715772686497,15.8467299833402,4.36856569223539,18.4781215737088,0.924119665665179,0.847228352959602,0.15947827820416,1.5890871292486,1.57200017086958,2.67553289951444,6.5670876703356,9.93037064460548,3.7819134545558,5.87079411639066,1848.22954605563,23409.6666666667
172,20230401,110,年齡,25 ~ 34歲,99.9999999999998,3.18208576103532,0.423660070733617,16.9681884128507,0.482063975451818,0.820435804374729,12.9902335692665,11.924594069686,6.96814206054536,10.4913807888235,1.99361265232526,2.16604322815995,0.449153838666165,1.9240841943274,2.40197646229935,4.90778208854217,5.10524290925608,8.60437843876163,2.91231534400363,5.28462633089056,5674.13600299047,71913.0000000001
173,20230401,110,年齡,25 ~ 29歲,100,3.21866810142841,0.322821389520455,15.8711838519882,0.513737265043305,0.781019490775295,13.1593106201295,13.1515004252218,6.19695575958487,10.9143134838677,2.30921429439229,2.48277418123124,0.441709912005139,2.06275925508097,2.13565440755333,4.10729472204385,5.14778624364339,8.54608882795012,3.36185500807055,5.27535276047002,3030.49539178005,38411.3333333332
174,20230401,110,年齡,30 ~ 34歲,100,3.14014228147854,0.539276652902842,18.2259589075171,0.44574896771305,0.865628575692754,12.7963782896374,10.5178846823541,7.85234565444508,10.0064673399334,1.63175961394956,1.80289537833939,0.457688672205364,1.76508631411373,2.70732799363217,5.82558081687479,5.05646485249491,8.67121038754293,2.39689567683201,5.29525894234119,2643.64061121035,33501.6666666666
175,20230401,110,年齡,35 ~ 44歲,100,5.36643914854234,0.452626099028227,19.4286981335802,0.830055529847293,1.62733302483418,15.1955113373438,8.90212864414622,6.6582793459818,8.2427117075428,0.892719420021594,1.26532855159648,0.319103809964522,1.23544269628258,3.28744408452877,4.23993521517816,4.48962671602653,9.89944855776647,1.42006015733457,6.24710782045349,5458.42333262077,69152
176,20230401,110,年齡,35 ~ 39歲,99.9999999999998,4.23121097180801,0.431421374178416,21.11551862254,0.924612251594906,1.30005501346382,14.64612830684,8.37941917363985,7.22124098792597,8.07925799384234,0.775014235940198,1.30777620136858,0.341662564785592,1.38788352588045,3.44558010249876,4.3827392844389,5.29383945720048,10.0201716034012,1.29233382555906,5.42413450309329,2726.16059186048,34537.0000000001
177,20230401,110,年齡,40 ~ 44歲,100,6.49910924936203,0.473783042033801,17.7456786556888,0.735711878280129,1.95387356155809,15.7436564109972,9.42366026289181,6.09658625836583,8.40579710144928,1.01015937214117,1.22297655159131,0.296595888102461,1.08334537050412,3.12966440367856,4.09745293466224,3.68722615436468,9.77899754441716,1.54749867591121,7.0682266840002,2732.26274076031,34615
178,20230401,110,年齡,45 ~ 54歲,99.9999999999992,10.8991058227134,0.561501091318731,15.662770776127,0.724025440634602,1.19517003449974,18.4726231547325,6.37658710601042,5.98523786054584,7.80410241967653,0.550353211762769,1.00917646506606,0.372573869370318,0.601398765519017,4.23795442277449,7.09709216362735,4.60583444812125,7.2889530380905,1.24680231875894,5.30873759064982,4483.16567364434,56812.0000000005
179,20230401,110,年齡,45 ~ 49歲,100,7.80975077395937,0.477738925143101,17.6963852201609,0.593554422147489,1.51896478763448,17.4937081004032,7.33869351210498,6.67052718323351,7.98236040891783,0.577963874473822,0.99668144056661,0.356355375398117,0.768391278202191,3.94440856143791,7.28969464798774,4.73173121895813,7.3398071226531,0.915387870553914,5.49789527606408,2362.21080818975,29932.6666666665
180,20230401,110,年齡,50 ~ 54歲,100,14.3393933381285,0.654778144299216,13.3981497556984,0.869317195366952,0.834594111957145,19.5627371710608,5.30519110096978,5.2221037228106,7.60559537686949,0.519606141025325,1.02309085046753,0.390634688360328,0.415436890795904,4.56484535826783,6.88261117587244,4.46563654852552,7.23232223021406,1.6158634886778,5.09809271063272,2120.9548654546,26879.3333333332
181,20230401,110,年齡,55 ~ 64歲,100,15.8100367197063,0.653121175030602,11.633782129743,0.534638922888619,1.87319461444309,19.2509179926562,5.84675642594862,5.19461444308448,7.01003671970627,0.102815177478581,0.325091799265607,0.0137086903304774,0.387760097919218,5.44920440636477,4.92729498164016,4.70305997552021,7.72190942472463,2.17968176254591,6.3823745410037,2687.02405411565,34041.6666666665
182,20230401,110,年齡,55 ~ 59歲,100,13.7727809914785,0.789948373452758,11.9409715742987,0.377869005411457,1.44616532935249,20.487342165827,5.64004478447472,5.69291534490266,7.4127635752939,0.0653106922933383,0.317223362567643,0.0217702307644461,0.558250917459725,6.27293649312683,4.60595882316353,4.39447658145177,7.57293027306089,2.20812340610811,6.4222180755116,1692.48434606184,21436
183,20230401,110,年齡,60 ~ 64歲,100,19.2744004019356,0.420445831239919,11.1114049237116,0.801226961419468,2.59936007615623,17.1483724250998,6.19827061903377,4.34725123621652,6.32519766242695,0.166591744453553,0.338472115715155,0,0.0978395959489119,4.04844382156173,5.47372874633102,5.22780759975672,7.97524922653834,2.13131660364387,6.31462040881085,994.539708053788,12605.6666666667
184,20230401,110,年齡,65歲及以上,100,38.839235839571,0.184336945592671,7.85945704390571,0.16199307339962,1.76516590325103,10.395486537817,9.86481957323204,2.11708189029159,4.68662719249246,0,0,0.173165009496146,0,5.92112613115853,4.17271813205229,2.94939112948274,3.88224779354262,1.45235169254832,5.57479611216624,470.82406163933,5967.33333333333
185,20230401,110,教育程度,小學及以下,99.9999999999999,27.9691323169584,0.428717820022167,11.5481941568898,0.263504611330698,1.7232365058452,21.1201037287994,5.99995817387121,3.46529476964259,5.93094506137983,0.0731957253696383,0,0,0,6.62735010561097,2.07875860049773,1.90099755317146,4.84555701947006,0.71313549574419,5.31191835539661,1256.31892166871,15939
186,20230401,110,教育程度,國(初)中,99.9999999999996,13.9337034842869,0.8011517848532,15.7082236887425,0.637890415110974,1.53686124850171,28.7560448038796,6.535965722001,6.6820054282683,7.3577835030241,0.168772302054199,0.148106305884297,0.0861083173745915,0.207348828238016,4.50380943196063,1.64019122935122,1.16831765013846,3.91689514073542,1.39839907416337,4.81242164143117,3822.23671112902,48388.6666666668
187,20230401,110,教育程度,高級中等(高中、高職),100.000000000001,6.76032914991466,0.569544989881715,18.8125687343347,0.832709943343543,1.49464580023904,17.2773901666315,10.7599595864466,7.86365492309212,11.7249970941583,0.536463098789684,0.719754657542826,0.298333089938041,0.525733836813891,3.61248290023876,3.24709192295201,1.23177888183209,5.24452286077893,1.93037305047821,6.55766531259412,8825.71624249278,111843.666666666
188,20230401,110,教育程度,專科,100,3.11615574820509,0.198111240206155,14.0182321923318,0.566032114874729,0.765632913277923,5.07641433550809,10.5386242440492,4.07096255250693,7.78145202133048,0.779038937051271,2.31626299639527,0.448357017308667,1.01736824857747,2.06452766109572,11.6200434950994,4.24524086156047,22.7068251556588,2.20156701522329,6.46915124973934,1766.05403168086,22378
189,20230401,110,教育程度,大學及以上,99.9999999999995,2.10511457664076,0.111461557930806,12.5766602418082,0.437571792924866,0.61766251971263,4.53633938827559,10.1936218678815,3.92500438058523,10.9091174580923,2.551447540058,2.80357455756087,0.484784767244901,3.20950879037438,2.07006989467125,8.36107703989248,14.0018106419017,12.8876817942876,3.28446547125361,4.93302571890269,5404.43787768096,68484.0000000003
190,20230401,110,婚姻狀況,未婚,100,4.28267682416842,0.312719382219671,14.9604818095402,0.586138906523443,0.597895274276062,13.0478887242998,11.93304916513,5.37870619493403,13.8933395138239,1.82156520921297,1.65160172113224,0.409793390234155,2.05366949827182,2.57766760381714,4.33406894605844,5.35855242164382,7.85560493230015,3.32738797021273,5.61719251220146,7832.5378507737,99236.9999999996
191,20230401,110,婚姻狀況,有配偶,100.000000000001,9.44997017560034,0.529807426518018,16.8590300038312,0.686931093512836,1.65707274728794,16.3471657121243,8.01670166386212,6.689879587017,7.5142938891503,0.516471312807039,1.09889576978474,0.240292521592383,0.75433908645197,3.641243992687,5.61911089342268,4.84610124777535,8.55693550655418,1.4095059818532,5.56625138816825,10848.4131222781,137471.333333332
192,20230401,110,婚姻狀況,離婚或分居,100,8.03636309709185,0.778573653067582,15.2377986386084,0.811199596624699,1.334697690973,20.4090106924115,8.53020124275187,6.47180080378462,9.25686998561494,0.295116489448474,0.679212824961814,0.314395456095862,0.131986771662885,4.7752517388145,3.38716614020258,1.88785573400958,9.18865210363187,1.4889294241521,6.98491791609202,1774.04517134516,22477
193,20230401,110,婚姻狀況,喪偶,100,23.6111111111111,0,9.99830105334693,0,1.43985728848114,10.690621814475,9.08086986068639,2.42949371389739,8.07424396873939,0.39500509683996,0.161399932042134,0,0.118926265715257,6.60890248046212,3.77166156982671,4.85474006116208,10.4018008834523,1.4908256880734,6.87223921168876,619.767640255256,7847.99999999999
194,20230401,110,個人每月收入,未滿1萬元,100,28.9554160630935,0,8.74376307741832,0.507001448575568,1.72219539674875,5.91501690004829,9.30709802028006,2.67584097859327,18.348623853211,0.631739900209239,0.35812007081925,0,0.390310638982778,1.86705295348463,1.2755512634798,6.17656526637695,4.72396587799775,4.02382102044101,4.37791727023982,654.034180594892,8284
195,20230401,110,個人每月收入,1萬元 ~ 未滿2萬元,99.9999999999998,24.0236908315232,0.0656342298135674,5.25073838508539,0.0625087902986356,1.6127267897048,9.62166554671748,11.589129721367,2.34407963619883,16.7492303605194,0.31566939100811,0.643840540075947,0.125017580597271,0.589145348564641,4.25059774030722,4.7647325405135,3.27546061164851,5.11634448594332,2.23156381366129,7.36822365645167,1684.13908723804,21330.3333333334
196,20230401,110,個人每月收入,2萬元 ~ 未滿3萬元,100,9.37811870504922,0.286506571606389,17.9088702876482,0.526980596360851,0.985464763006037,9.89405149016561,12.895741805286,3.37179199180989,14.8327913768151,0.550549260349038,1.10846372819438,0.241210545504093,0.909603125794062,4.51892305935989,3.71464240076304,3.40751324816699,7.05955138521141,2.37601593830902,6.03320972060086,7141.8761462926,90515.6666666666
197,20230401,110,個人每月收入,3萬元 ~ 未滿4萬元,100,3.96337206914961,0.465240422124586,18.7258243337577,0.572824703321975,1.2339342175502,17.7370344516077,8.89212827988341,6.62012893688665,6.72319632078186,1.38956186096169,1.30620457438509,0.412269535580834,1.32386153656634,3.36467786309696,3.14417114934506,4.7168726645588,11.1152630066111,2.04985012113498,6.24358395269579,6407.2792737784,81176.6666666663
198,20230401,110,個人每月收入,4萬元 ~ 未滿5萬元,99.9999999999999,2.24911172169368,0.823391477898203,14.8926458611153,0.988964764214689,1.88574548253425,26.4075966813743,5.91588877055122,9.40814262572381,4.17692176885969,1.51253434526952,1.35501597558465,0.314141748632901,1.16169797642594,2.11754808337733,5.88277411328792,4.8562197381257,9.84579309604145,1.5823436227435,4.62352214654578,2939.59986770151,37244.3333333334
199,20230401,110,個人每月收入,5萬元 ~ 未滿6萬元,99.9999999999998,3.0516134482176,1.33046122655854,13.1884608886636,0.789829363068085,1.27766514613955,19.5556681871937,4.73686433519175,12.6731711437743,4.80444331812806,0.905980739989862,2.57856056766345,0.363237033282649,1.78028383172833,1.54375739145126,9.39347862814663,8.538182125359,7.58574083460043,1.59655347187025,4.30604831897279,1245.61079506684,15784
200,20230401,110,個人每月收入,6萬元 ~ 未滿7萬元,100,2.16945678168774,0.785787495729417,11.9291652431386,1.32672816307938,0,15.2829973807084,1.73670424780777,15.4595148616331,4.1168431841476,0.660517025395742,1.17298713130623,0.358729074137342,1.64559845120146,1.28686937706412,16.1940553467715,15.6645029039973,5.28983031545383,1.73670424780777,3.18300876893293,462.079788050126,5853.99999999999
201,20230401,110,個人每月收入,7萬元及以上,100,3.28739102907515,0,9.49690741732821,2.0503579603565,0,16.5733209954707,4.4708517995422,9.09755028490723,4.38805824769883,1.81171772269031,1.51950518677251,0.477280475332392,3.62343544538061,2.41075342132178,20.8152729752107,8.59104855598306,5.42054254127503,1.81658793162227,4.14941801003263,540.144645929935,6844.33333333333
